基準日,基準価額（円）,純資産額（億円）,分配金
2012/10/26,"10,000","0.50","-"
2012/10/29,"9,998","0.49","-"
2012/10/30,"9,997","0.49","-"
2012/10/31,"9,998","0.49","-"
2012/11/01,"10,005","0.50","-"
2012/11/02,"10,022","0.50","-"
2012/11/05,"10,036","0.50","-"
2012/11/06,"10,031","0.50","-"
2012/11/07,"10,042","0.50","-"
2012/11/08,"10,035","0.50","-"
2012/11/09,"10,014","0.50","-"
2012/11/12,"10,001","0.50","-"
2012/11/13,"9,998","0.49","-"
2012/11/14,"9,994","0.49","-"
2012/11/15,"9,995","0.49","-"
2012/11/16,"9,989","0.49","-"
2012/11/19,"9,995","0.49","-"
2012/11/20,"10,006","0.50","-"
2012/11/21,"10,010","0.50","-"
2012/11/22,"10,011","0.50","-"
2012/11/26,"10,019","0.50","-"
2012/11/27,"10,017","0.50","-"
2012/11/28,"10,020","0.50","-"
2012/11/29,"10,027","0.50","-"
2012/11/30,"10,052","0.50","-"
2012/12/03,"10,063","0.50","-"
2012/12/04,"10,058","0.50","-"
2012/12/05,"10,050","0.50","-"
2012/12/06,"10,068","0.50","-"
2012/12/07,"10,080","0.50","-"
2012/12/10,"10,080","0.50","-"
2012/12/11,"10,075","0.50","-"
2012/12/12,"10,071","0.50","-"
2012/12/13,"10,065","0.50","-"
2012/12/14,"10,065","0.50","-"
2012/12/17,"10,066","0.50","-"
2012/12/18,"10,069","0.50","-"
2012/12/19,"10,097","0.50","-"
2012/12/20,"10,113","0.50","-"
2012/12/21,"10,135","0.50","-"
2012/12/25,"10,152","0.50","-"
2012/12/26,"10,154","0.50","-"
2012/12/27,"10,149","0.50","-"
2012/12/28,"10,156","0.50","-"
2013/01/04,"10,207","0.51","-"
2013/01/07,"10,192","0.50","-"
2013/01/08,"10,170","0.50","-"
2013/01/09,"10,175","0.50","-"
2013/01/10,"10,191","0.50","-"
2013/01/11,"10,170","0.50","0"
2013/01/15,"10,183","0.50","-"
2013/01/16,"10,185","0.50","-"
2013/01/17,"10,192","0.50","-"
2013/01/18,"10,197","0.50","-"
2013/01/21,"10,223","0.51","-"
2013/01/22,"10,220","0.51","-"
2013/01/23,"10,210","0.51","-"
2013/01/24,"10,222","0.51","-"
2013/01/25,"10,241","0.51","-"
2013/01/28,"10,236","0.51","-"
2013/01/29,"10,227","0.51","-"
2013/01/30,"10,230","0.51","-"
2013/01/31,"10,211","0.51","-"
2013/02/01,"10,187","0.50","-"
2013/02/04,"10,209","0.51","-"
2013/02/05,"10,187","0.50","-"
2013/02/06,"10,216","0.51","-"
2013/02/07,"10,226","0.51","-"
2013/02/08,"10,224","0.51","-"
2013/02/12,"10,259","0.51","-"
2013/02/13,"10,252","0.51","-"
2013/02/14,"10,254","0.51","-"
2013/02/15,"10,245","0.51","-"
2013/02/18,"10,276","0.51","-"
2013/02/19,"10,280","0.51","-"
2013/02/20,"10,298","0.51","-"
2013/02/21,"10,303","0.51","-"
2013/02/22,"10,282","0.51","-"
2013/02/25,"10,325","0.51","-"
2013/02/26,"10,303","0.51","-"
2013/02/27,"10,302","0.51","-"
2013/02/28,"10,315","0.51","-"
2013/03/01,"10,337","0.51","-"
2013/03/04,"10,362","0.51","-"
2013/03/05,"10,345","0.51","-"
2013/03/06,"10,355","0.51","-"
2013/03/07,"10,367","0.51","-"
2013/03/08,"10,365","0.51","-"
2013/03/11,"10,377","0.51","-"
2013/03/12,"10,375","0.51","-"
2013/03/13,"10,372","0.51","-"
2013/03/14,"10,369","0.51","-"
2013/03/15,"10,377","0.51","-"
2013/03/18,"10,371","0.51","-"
2013/03/19,"10,357","0.51","-"
2013/03/21,"10,375","0.51","-"
2013/03/22,"10,366","0.51","-"
2013/03/25,"10,377","0.51","-"
2013/03/26,"10,382","0.51","-"
2013/03/27,"10,401","0.52","-"
2013/03/28,"10,402","0.52","-"
2013/03/29,"10,397","0.51","-"
2013/04/01,"10,372","0.51","-"
2013/04/02,"10,370","0.51","-"
2013/04/03,"10,384","0.51","-"
2013/04/04,"10,443","0.52","-"
2013/04/05,"10,466","0.52","-"
2013/04/08,"10,490","0.52","-"
2013/04/09,"10,491","0.52","-"
2013/04/10,"10,481","0.52","-"
2013/04/11,"10,489","0.52","0"
2013/04/12,"10,488","0.52","-"
2013/04/15,"10,490","0.52","-"
2013/04/16,"10,469","0.52","-"
2013/04/17,"10,488","0.52","-"
2013/04/18,"10,493","0.52","-"
2013/04/19,"10,494","0.52","-"
2013/04/22,"10,509","0.52","-"
2013/04/23,"10,511","0.52","-"
2013/04/24,"10,529","0.52","-"
2013/04/25,"10,535","0.52","-"
2013/04/26,"10,516","0.52","-"
2013/04/30,"10,517","0.52","-"
2013/05/01,"10,524","0.52","-"
2013/05/02,"10,521","0.52","-"
2013/05/07,"10,571","0.52","-"
2013/05/08,"10,586","0.52","-"
2013/05/09,"10,573","0.52","-"
2013/05/10,"10,596","0.52","-"
2013/05/13,"10,598","0.52","-"
2013/05/14,"10,569","0.52","-"
2013/05/15,"10,608","0.53","-"
2013/05/16,"10,612","0.53","-"
2013/05/17,"10,627","0.53","-"
2013/05/20,"10,673","0.53","-"
2013/05/21,"10,656","0.53","-"
2013/05/22,"10,654","0.53","-"
2013/05/23,"10,599","0.52","-"
2013/05/24,"10,516","0.52","-"
2013/05/27,"10,485","0.52","-"
2013/05/28,"10,490","0.52","-"
2013/05/29,"10,485","0.52","-"
2013/05/30,"10,437","0.52","-"
2013/05/31,"10,426","0.52","-"
2013/06/03,"10,411","0.52","-"
2013/06/04,"10,399","0.51","-"
2013/06/05,"10,397","0.51","-"
2013/06/06,"10,402","0.52","-"
2013/06/07,"10,393","0.51","-"
2013/06/10,"10,386","0.51","-"
2013/06/11,"10,368","0.51","-"
2013/06/12,"10,358","0.51","-"
2013/06/13,"10,358","0.51","-"
2013/06/14,"10,371","0.51","-"
2013/06/17,"10,383","0.51","-"
2013/06/18,"10,380","0.51","-"
2013/06/19,"10,378","0.51","-"
2013/06/20,"10,361","0.51","-"
2013/06/21,"10,307","0.51","-"
2013/06/24,"10,286","0.51","-"
2013/06/25,"10,267","0.51","-"
2013/06/26,"10,267","0.51","-"
2013/06/27,"10,286","0.51","-"
2013/06/28,"10,299","0.51","-"
2013/07/01,"10,295","0.51","-"
2013/07/02,"10,300","0.51","-"
2013/07/03,"10,311","0.51","-"
2013/07/04,"10,303","0.51","-"
2013/07/05,"10,319","0.51","-"
2013/07/08,"10,293","0.51","-"
2013/07/09,"10,309","0.51","-"
2013/07/10,"10,319","0.51","-"
2013/07/11,"10,312","0.51","0"
2013/07/12,"10,339","0.51","-"
2013/07/16,"10,363","0.51","-"
2013/07/17,"10,361","0.51","-"
2013/07/18,"10,379","0.51","-"
2013/07/19,"10,385","0.51","-"
2013/07/22,"10,388","0.51","-"
2013/07/23,"10,394","0.51","-"
2013/07/24,"10,387","0.51","-"
2013/07/25,"10,365","0.51","-"
2013/07/26,"10,329","0.51","-"
2013/07/29,"10,292","0.51","-"
2013/07/30,"10,299","0.51","-"
2013/07/31,"10,289","0.51","-"
2013/08/01,"10,317","0.51","-"
2013/08/02,"10,364","0.51","-"
2013/08/05,"10,367","0.51","-"
2013/08/06,"10,350","0.51","-"
2013/08/07,"10,307","0.51","-"
2013/08/08,"10,284","0.51","-"
2013/08/09,"10,296","0.51","-"
2013/08/12,"10,286","0.51","-"
2013/08/13,"10,320","0.51","-"
2013/08/14,"10,328","0.51","-"
2013/08/15,"10,304","0.51","-"
2013/08/16,"10,254","0.51","-"
2013/08/19,"10,250","0.52","-"
2013/08/20,"10,225","0.52","-"
2013/08/21,"10,225","0.52","-"
2013/08/22,"10,211","0.51","-"
2013/08/23,"10,221","0.52","-"
2013/08/26,"10,230","0.52","-"
2013/08/27,"10,228","0.52","-"
2013/08/28,"10,215","0.52","-"
2013/08/29,"10,224","0.52","-"
2013/08/30,"10,221","0.51","-"
2013/09/02,"10,214","0.51","-"
2013/09/03,"10,209","0.51","-"
2013/09/04,"10,204","0.51","-"
2013/09/05,"10,204","0.51","-"
2013/09/06,"10,193","0.51","-"
2013/09/09,"10,209","0.51","-"
2013/09/10,"10,222","0.51","-"
2013/09/11,"10,218","0.51","-"
2013/09/12,"10,221","0.51","-"
2013/09/13,"10,220","0.51","-"
2013/09/17,"10,231","0.52","-"
2013/09/18,"10,246","0.52","-"
2013/09/19,"10,286","0.52","-"
2013/09/20,"10,304","0.52","-"
2013/09/24,"10,292","0.52","-"
2013/09/25,"10,291","0.52","-"
2013/09/26,"10,296","0.52","-"
2013/09/27,"10,301","0.52","-"
2013/09/30,"10,264","0.52","-"
2013/10/01,"10,252","0.52","-"
2013/10/02,"10,253","0.52","-"
2013/10/03,"10,258","0.52","-"
2013/10/04,"10,247","0.52","-"
2013/10/07,"10,241","0.52","-"
2013/10/08,"10,233","0.52","-"
2013/10/09,"10,243","0.52","-"
2013/10/10,"10,251","0.52","-"
2013/10/11,"10,272","0.52","-"
2013/10/15,"10,274","0.52","-"
2013/10/16,"10,280","0.52","-"
2013/10/17,"10,301","0.52","-"
2013/10/18,"10,306","0.52","-"
2013/10/21,"10,322","0.52","-"
2013/10/22,"10,327","0.52","-"
2013/10/23,"10,321","0.52","-"
2013/10/24,"10,316","0.52","-"
2013/10/25,"10,292","0.57","-"
2013/10/28,"10,312","0.57","-"
2013/10/29,"10,317","0.57","-"
2013/10/30,"10,347","0.57","-"
2013/10/31,"10,339","0.57","-"
2013/11/01,"10,312","0.64","-"
2013/11/05,"10,304","0.64","-"
2013/11/06,"10,282","0.83","-"
2013/11/07,"10,284","0.88","-"
2013/11/08,"10,255","0.88","-"
2013/11/11,"10,268","0.94","-"
2013/11/12,"10,279","1.00","-"
2013/11/13,"10,276","1.00","-"
2013/11/14,"10,276","1.05","-"
2013/11/15,"10,336","1.12","-"
2013/11/18,"10,356","1.12","-"
2013/11/19,"10,362","1.25","-"
2013/11/20,"10,362","1.27","-"
2013/11/21,"10,356","1.57","-"
2013/11/22,"10,374","1.58","-"
2013/11/25,"10,394","1.65","-"
2013/11/26,"10,397","1.71","-"
2013/11/27,"10,395","1.74","-"
2013/11/28,"10,425","2.15","-"
2013/11/29,"10,445","2.67","-"
2013/12/02,"10,444","2.67","-"
2013/12/03,"10,439","2.75","-"
2013/12/04,"10,407","2.77","-"
2013/12/05,"10,383","2.81","-"
2013/12/06,"10,362","2.80","-"
2013/12/09,"10,413","2.92","-"
2013/12/10,"10,427","3.01","-"
2013/12/11,"10,410","3.24","-"
2013/12/12,"10,381","3.36","-"
2013/12/13,"10,375","3.77","-"
2013/12/16,"10,355","4.04","-"
2013/12/17,"10,377","4.62","-"
2013/12/18,"10,392","4.87","-"
2013/12/19,"10,436","4.97","-"
2013/12/20,"10,443","5.09","-"
2013/12/24,"10,449","5.26","-"
2013/12/25,"10,451","5.64","-"
2013/12/26,"10,481","5.66","-"
2013/12/27,"10,494","5.66","-"
2013/12/30,"10,522","5.68","-"
2014/01/06,"10,477","7.23","-"
2014/01/07,"10,465","7.54","-"
2014/01/08,"10,498","7.96","-"
2014/01/09,"10,490","8.30","-"
2014/01/10,"10,488","8.80","-"
2014/01/14,"10,440","8.80","0"
2014/01/15,"10,494","9.51","-"
2014/01/16,"10,530","10.38","-"
2014/01/17,"10,526","10.72","-"
2014/01/20,"10,514","11.42","-"
2014/01/21,"10,524","11.92","-"
2014/01/22,"10,526","11.92","-"
2014/01/23,"10,541","12.90","-"
2014/01/24,"10,461","13.27","-"
2014/01/27,"10,350","13.92","-"
2014/01/28,"10,337","14.31","-"
2014/01/29,"10,346","14.73","-"
2014/01/30,"10,349","15.37","-"
2014/01/31,"10,350","16.18","-"
2014/02/03,"10,354","16.64","-"
2014/02/04,"10,359","17.17","-"
2014/02/05,"10,361","17.45","-"
2014/02/06,"10,357","17.71","-"
2014/02/07,"10,348","18.01","-"
2014/02/10,"10,353","18.57","-"
2014/02/12,"10,355","18.84","-"
2014/02/13,"10,346","19.22","-"
2014/02/14,"10,340","19.48","-"
2014/02/17,"10,342","20.09","-"
2014/02/18,"10,387","21.17","-"
2014/02/19,"10,390","21.17","-"
2014/02/20,"10,375","21.83","-"
2014/02/21,"10,396","22.00","-"
2014/02/24,"10,405","22.38","-"
2014/02/25,"10,429","22.85","-"
2014/02/26,"10,423","23.27","-"
2014/02/27,"10,426","23.59","-"
2014/02/28,"10,428","24.00","-"
2014/03/03,"10,411","24.39","-"
2014/03/04,"10,399","24.73","-"
2014/03/05,"10,421","25.72","-"
2014/03/06,"10,427","25.87","-"
2014/03/07,"10,427","26.16","-"
2014/03/10,"10,412","26.41","-"
2014/03/11,"10,403","26.93","-"
2014/03/12,"10,385","27.30","-"
2014/03/13,"10,376","27.47","-"
2014/03/14,"10,351","27.66","-"
2014/03/17,"10,340","28.03","-"
2014/03/18,"10,344","28.33","-"
2014/03/19,"10,353","28.73","-"
2014/03/20,"10,343","29.08","-"
2014/03/24,"10,337","29.83","-"
2014/03/25,"10,341","30.27","-"
2014/03/26,"10,347","30.62","-"
2014/03/27,"10,359","31.31","-"
2014/03/28,"10,372","31.99","-"
2014/03/31,"10,379","32.60","-"
2014/04/01,"10,389","33.89","-"
2014/04/02,"10,415","34.22","-"
2014/04/03,"10,418","34.27","-"
2014/04/04,"10,408","34.28","-"
2014/04/07,"10,406","34.33","-"
2014/04/08,"10,375","34.39","-"
2014/04/09,"10,337","34.35","-"
2014/04/10,"10,344","34.48","-"
2014/04/11,"10,327","34.63","-"
2014/04/14,"10,322","34.65","-"
2014/04/15,"10,324","34.77","-"
2014/04/16,"10,360","35.03","-"
2014/04/17,"10,368","35.11","-"
2014/04/18,"10,391","35.31","-"
2014/04/21,"10,388","35.44","-"
2014/04/22,"10,387","35.44","-"
2014/04/23,"10,396","35.47","-"
2014/04/24,"10,390","35.65","-"
2014/04/25,"10,394","35.72","-"
2014/04/28,"10,373","35.68","-"
2014/04/30,"10,388","35.95","-"
2014/05/01,"10,409","36.15","-"
2014/05/02,"10,417","36.33","-"
2014/05/07,"10,390","36.23","-"
2014/05/08,"10,416","36.47","-"
2014/05/09,"10,439","36.68","-"
2014/05/12,"10,441","36.70","-"
2014/05/13,"10,457","36.84","-"
2014/05/14,"10,472","36.95","-"
2014/05/15,"10,488","37.07","-"
2014/05/16,"10,475","37.13","-"
2014/05/19,"10,462","37.19","-"
2014/05/20,"10,462","37.23","-"
2014/05/21,"10,452","37.25","-"
2014/05/22,"10,465","37.30","-"
2014/05/23,"10,484","37.49","-"
2014/05/26,"10,508","37.85","-"
2014/05/27,"10,514","38.09","-"
2014/05/28,"10,534","38.16","-"
2014/05/29,"10,555","38.36","-"
2014/05/30,"10,568","38.55","-"
2014/06/02,"10,576","38.66","-"
2014/06/03,"10,588","38.82","-"
2014/06/04,"10,575","38.80","-"
2014/06/05,"10,565","38.82","-"
2014/06/06,"10,581","38.96","-"
2014/06/09,"10,614","39.16","-"
2014/06/10,"10,611","39.64","-"
2014/06/11,"10,607","39.83","-"
2014/06/12,"10,585","39.78","-"
2014/06/13,"10,571","39.85","-"
2014/06/16,"10,565","39.92","-"
2014/06/17,"10,559","39.95","-"
2014/06/18,"10,559","40.06","-"
2014/06/19,"10,569","40.25","-"
2014/06/20,"10,593","40.48","-"
2014/06/23,"10,581","40.44","-"
2014/06/24,"10,576","40.68","-"
2014/06/25,"10,590","40.79","-"
2014/06/26,"10,596","40.90","-"
2014/06/27,"10,603","41.04","-"
2014/06/30,"10,612","41.32","-"
2014/07/01,"10,609","41.41","-"
2014/07/02,"10,607","41.08","-"
2014/07/03,"10,606","41.10","-"
2014/07/04,"10,613","41.14","-"
2014/07/07,"10,614","41.21","-"
2014/07/08,"10,606","41.18","-"
2014/07/09,"10,607","41.34","-"
2014/07/10,"10,598","41.51","-"
2014/07/11,"10,597","41.55","0"
2014/07/14,"10,608","41.65","-"
2014/07/15,"10,625","41.40","-"
2014/07/16,"10,625","41.51","-"
2014/07/17,"10,636","41.73","-"
2014/07/18,"10,621","41.72","-"
2014/07/22,"10,645","41.94","-"
2014/07/23,"10,663","42.04","-"
2014/07/24,"10,680","42.29","-"
2014/07/25,"10,690","42.48","-"
2014/07/28,"10,690","42.58","-"
2014/07/29,"10,692","42.68","-"
2014/07/30,"10,702","42.91","-"
2014/07/31,"10,702","43.02","-"
2014/08/01,"10,664","42.95","-"
2014/08/04,"10,644","43.04","-"
2014/08/05,"10,650","43.22","-"
2014/08/06,"10,635","43.29","-"
2014/08/07,"10,626","43.33","-"
2014/08/08,"10,624","43.40","-"
2014/08/11,"10,638","43.65","-"
2014/08/12,"10,653","43.79","-"
2014/08/13,"10,654","42.84","-"
2014/08/14,"10,680","43.04","-"
2014/08/15,"10,696","43.15","-"
2014/08/18,"10,707","43.79","-"
2014/08/19,"10,714","44.20","-"
2014/08/20,"10,733","45.04","-"
2014/08/21,"10,758","45.18","-"
2014/08/22,"10,762","45.15","-"
2014/08/25,"10,772","45.66","-"
2014/08/26,"10,780","47.04","-"
2014/08/27,"10,798","47.12","-"
2014/08/28,"10,801","47.33","-"
2014/08/29,"10,795","47.37","-"
2014/09/01,"10,808","47.61","-"
2014/09/02,"10,818","48.30","-"
2014/09/03,"10,822","48.32","-"
2014/09/04,"10,820","48.38","-"
2014/09/05,"10,832","48.56","-"
2014/09/08,"10,842","48.58","-"
2014/09/09,"10,852","48.98","-"
2014/09/10,"10,836","49.24","-"
2014/09/11,"10,812","49.29","-"
2014/09/12,"10,816","49.43","-"
2014/09/16,"10,765","49.39","-"
2014/09/17,"10,764","49.57","-"
2014/09/18,"10,791","50.32","-"
2014/09/19,"10,785","51.06","-"
2014/09/22,"10,809","51.27","-"
2014/09/24,"10,785","51.45","-"
2014/09/25,"10,818","51.79","-"
2014/09/26,"10,812","52.49","-"
2014/09/29,"10,826","53.29","-"
2014/09/30,"10,817","53.49","-"
2014/10/01,"10,813","53.84","-"
2014/10/02,"10,805","53.85","-"
2014/10/03,"10,798","53.89","-"
2014/10/06,"10,821","54.02","-"
2014/10/07,"10,816","54.00","-"
2014/10/08,"10,809","54.11","-"
2014/10/09,"10,815","54.20","-"
2014/10/10,"10,808","54.17","-"
2014/10/14,"10,786","54.17","-"
2014/10/15,"10,816","54.38","-"
2014/10/16,"10,803","54.56","-"
2014/10/17,"10,782","54.49","-"
2014/10/20,"10,803","54.80","-"
2014/10/21,"10,804","54.79","-"
2014/10/22,"10,826","55.08","-"
2014/10/23,"10,829","55.12","-"
2014/10/24,"10,846","55.33","-"
2014/10/27,"10,853","55.35","-"
2014/10/28,"10,852","55.33","-"
2014/10/29,"10,883","55.52","-"
2014/10/30,"10,909","56.03","-"
2014/10/31,"10,981","56.50","-"
2014/11/04,"11,098","57.45","-"
2014/11/05,"11,073","57.81","-"
2014/11/06,"11,066","57.86","-"
2014/11/07,"11,079","58.01","-"
2014/11/10,"11,075","58.85","-"
2014/11/11,"11,101","59.26","-"
2014/11/12,"11,095","59.43","-"
2014/11/13,"11,110","59.51","-"
2014/11/14,"11,142","60.53","-"
2014/11/17,"11,123","60.62","-"
2014/11/18,"11,131","61.16","-"
2014/11/19,"11,158","61.89","-"
2014/11/20,"11,166","62.34","-"
2014/11/21,"11,170","63.14","-"
2014/11/25,"11,224","64.11","-"
2014/11/26,"11,229","64.90","-"
2014/11/27,"11,233","66.59","-"
2014/11/28,"11,270","67.58","-"
2014/12/01,"11,300","67.75","-"
2014/12/02,"11,280","69.30","-"
2014/12/03,"11,294","69.97","-"
2014/12/04,"11,281","71.04","-"
2014/12/05,"11,291","72.06","-"
2014/12/08,"11,299","73.01","-"
2014/12/09,"11,294","73.90","-"
2014/12/10,"11,266","74.67","-"
2014/12/11,"11,253","75.78","-"
2014/12/12,"11,255","76.88","-"
2014/12/15,"11,255","77.36","-"
2014/12/16,"11,236","78.82","-"
2014/12/17,"11,227","79.55","-"
2014/12/18,"11,260","81.65","-"
2014/12/19,"11,282","87.60","-"
2014/12/22,"11,300","92.68","-"
2014/12/24,"11,326","96.16","-"
2014/12/25,"11,325","99.34","-"
2014/12/26,"11,324","99.33","-"
2014/12/29,"11,328","99.37","-"
2014/12/30,"11,340","99.47","-"
2015/01/05,"11,342","111.12","-"
2015/01/06,"11,321","111.61","-"
2015/01/07,"11,327","112.24","-"
2015/01/08,"11,354","112.94","-"
2015/01/09,"11,365","113.40","-"
2015/01/13,"11,340","112.44","30"
2015/01/14,"11,345","113.62","-"
2015/01/15,"11,355","114.57","-"
2015/01/16,"11,358","115.42","-"
2015/01/19,"11,376","116.31","-"
2015/01/20,"11,395","117.08","-"
2015/01/21,"11,389","117.02","-"
2015/01/22,"11,357","119.75","-"
2015/01/23,"11,416","121.16","-"
2015/01/26,"11,439","122.40","-"
2015/01/27,"11,448","123.36","-"
2015/01/28,"11,419","123.94","-"
2015/01/29,"11,402","124.94","-"
2015/01/30,"11,424","127.25","-"
2015/02/02,"11,399","128.79","-"
2015/02/03,"11,382","129.94","-"
2015/02/04,"11,376","130.48","-"
2015/02/05,"11,375","131.40","-"
2015/02/06,"11,378","132.01","-"
2015/02/09,"11,339","132.52","-"
2015/02/10,"11,319","135.34","-"
2015/02/12,"11,316","136.34","-"
2015/02/13,"11,313","138.23","-"
2015/02/16,"11,312","139.71","-"
2015/02/17,"11,324","140.96","-"
2015/02/18,"11,315","140.86","-"
2015/02/19,"11,315","143.21","-"
2015/02/20,"11,304","144.26","-"
2015/02/23,"11,319","145.20","-"
2015/02/24,"11,333","146.13","-"
2015/02/25,"11,341","147.42","-"
2015/02/26,"11,359","148.48","-"
2015/02/27,"11,374","149.95","-"
2015/03/02,"11,375","150.76","-"
2015/03/03,"11,373","151.41","-"
2015/03/04,"11,338","152.01","-"
2015/03/05,"11,338","153.68","-"
2015/03/06,"11,360","160.93","-"
2015/03/09,"11,310","161.42","-"
2015/03/10,"11,298","162.39","-"
2015/03/11,"11,311","164.11","-"
2015/03/12,"11,353","165.62","-"
2015/03/13,"11,363","168.39","-"
2015/03/16,"11,366","169.57","-"
2015/03/17,"11,376","171.58","-"
2015/03/18,"11,397","173.60","-"
2015/03/19,"11,412","175.10","-"
2015/03/20,"11,436","176.85","-"
2015/03/23,"11,451","180.33","-"
2015/03/24,"11,450","181.30","-"
2015/03/25,"11,462","181.29","-"
2015/03/26,"11,425","184.77","-"
2015/03/27,"11,394","187.63","-"
2015/03/30,"11,408","189.25","-"
2015/03/31,"11,434","191.38","-"
2015/04/01,"11,421","194.35","-"
2015/04/02,"11,447","196.13","-"
2015/04/03,"11,456","196.78","-"
2015/04/06,"11,447","197.02","-"
2015/04/07,"11,471","197.43","-"
2015/04/08,"11,479","197.57","-"
2015/04/09,"11,504","201.61","-"
2015/04/10,"11,520","202.41","-"
2015/04/13,"11,524","203.37","-"
2015/04/14,"11,528","204.40","-"
2015/04/15,"11,523","205.71","-"
2015/04/16,"11,511","207.21","-"
2015/04/17,"11,505","209.62","-"
2015/04/20,"11,470","210.54","-"
2015/04/21,"11,490","212.13","-"
2015/04/22,"11,500","213.52","-"
2015/04/23,"11,493","214.47","-"
2015/04/24,"11,492","215.72","-"
2015/04/27,"11,481","216.75","-"
2015/04/28,"11,482","218.44","-"
2015/04/30,"11,376","218.36","-"
2015/05/01,"11,333","219.79","-"
2015/05/07,"11,233","220.94","-"
2015/05/08,"11,247","221.22","-"
2015/05/11,"11,304","225.74","-"
2015/05/12,"11,261","226.08","-"
2015/05/13,"11,219","226.98","-"
2015/05/14,"11,195","227.59","-"
2015/05/15,"11,229","229.59","-"
2015/05/18,"11,277","232.55","-"
2015/05/19,"11,285","234.70","-"
2015/05/20,"11,321","237.16","-"
2015/05/21,"11,312","237.61","-"
2015/05/22,"11,305","238.73","-"
2015/05/25,"11,343","240.80","-"
2015/05/26,"11,346","241.75","-"
2015/05/27,"11,361","242.08","-"
2015/05/28,"11,374","245.01","-"
2015/05/29,"11,366","246.01","-"
2015/06/01,"11,362","247.74","-"
2015/06/02,"11,359","248.78","-"
2015/06/03,"11,298","248.64","-"
2015/06/04,"11,258","248.70","-"
2015/06/05,"11,248","249.42","-"
2015/06/08,"11,230","249.83","-"
2015/06/09,"11,196","250.16","-"
2015/06/10,"11,161","250.31","-"
2015/06/11,"11,148","250.90","-"
2015/06/12,"11,179","252.67","-"
2015/06/15,"11,184","254.72","-"
2015/06/16,"11,155","255.02","-"
2015/06/17,"11,155","256.29","-"
2015/06/18,"11,153","258.08","-"
2015/06/19,"11,169","259.38","-"
2015/06/22,"11,184","265.22","-"
2015/06/23,"11,181","266.75","-"
2015/06/24,"11,188","268.08","-"
2015/06/25,"11,181","268.79","-"
2015/06/26,"11,172","272.21","-"
2015/06/29,"11,166","272.76","-"
2015/06/30,"11,150","281.02","-"
2015/07/01,"11,155","282.77","-"
2015/07/02,"11,152","284.30","-"
2015/07/03,"11,158","285.04","-"
2015/07/06,"11,154","285.48","-"
2015/07/07,"11,155","285.51","-"
2015/07/08,"11,156","286.59","-"
2015/07/09,"11,132","287.27","-"
2015/07/10,"11,136","287.87","-"
2015/07/13,"11,117","287.52","30"
2015/07/14,"11,140","288.64","-"
2015/07/15,"11,144","289.71","-"
2015/07/16,"11,164","290.80","-"
2015/07/17,"11,184","291.94","-"
2015/07/21,"11,194","294.06","-"
2015/07/22,"11,179","294.01","-"
2015/07/23,"11,178","299.77","-"
2015/07/24,"11,165","300.01","-"
2015/07/27,"11,136","299.70","-"
2015/07/28,"11,101","299.08","-"
2015/07/29,"11,103","300.24","-"
2015/07/30,"11,133","302.14","-"
2015/07/31,"11,151","303.17","-"
2015/08/03,"11,165","304.34","-"
2015/08/04,"11,178","305.23","-"
2015/08/05,"11,171","305.52","-"
2015/08/06,"11,153","305.35","-"
2015/08/07,"11,157","306.42","-"
2015/08/10,"11,171","307.17","-"
2015/08/11,"11,158","307.65","-"
2015/08/12,"11,162","308.77","-"
2015/08/13,"11,143","308.54","-"
2015/08/14,"11,138","310.23","-"
2015/08/17,"11,141","310.88","-"
2015/08/18,"11,156","312.55","-"
2015/08/19,"11,121","312.05","-"
2015/08/20,"11,090","312.17","-"
2015/08/21,"11,027","311.10","-"
2015/08/24,"10,910","308.31","-"
2015/08/25,"10,848","307.29","-"
2015/08/26,"10,829","307.17","-"
2015/08/27,"10,820","307.04","-"
2015/08/28,"10,826","306.83","-"
2015/08/31,"10,825","307.11","-"
2015/09/01,"10,818","307.55","-"
2015/09/02,"10,812","307.38","-"
2015/09/03,"10,809","307.95","-"
2015/09/04,"10,827","308.61","-"
2015/09/07,"10,842","309.00","-"
2015/09/08,"10,843","309.54","-"
2015/09/09,"10,835","309.31","-"
2015/09/10,"10,836","310.50","-"
2015/09/11,"10,833","310.66","-"
2015/09/14,"10,836","310.99","-"
2015/09/15,"10,832","311.33","-"
2015/09/16,"10,818","308.37","-"
2015/09/17,"10,822","309.07","-"
2015/09/18,"10,837","309.87","-"
2015/09/24,"10,858","310.73","-"
2015/09/25,"10,872","311.68","-"
2015/09/28,"10,852","311.31","-"
2015/09/29,"10,839","310.19","-"
2015/09/30,"10,850","310.83","-"
2015/10/01,"10,873","311.92","-"
2015/10/02,"10,885","312.52","-"
2015/10/05,"10,911","313.37","-"
2015/10/06,"10,918","313.75","-"
2015/10/07,"10,917","313.84","-"
2015/10/08,"10,914","313.92","-"
2015/10/09,"10,933","314.72","-"
2015/10/13,"10,935","314.91","-"
2015/10/14,"10,913","314.43","-"
2015/10/15,"10,908","314.52","-"
2015/10/16,"10,939","315.61","-"
2015/10/19,"10,948","316.02","-"
2015/10/20,"10,953","316.05","-"
2015/10/21,"10,949","316.14","-"
2015/10/22,"10,956","316.44","-"
2015/10/23,"11,006","318.38","-"
2015/10/26,"11,015","318.96","-"
2015/10/27,"11,015","318.99","-"
2015/10/28,"11,034","319.95","-"
2015/10/29,"11,036","320.45","-"
2015/10/30,"11,008","319.78","-"
2015/11/02,"10,972","319.16","-"
2015/11/04,"10,978","318.99","-"
2015/11/05,"10,993","320.04","-"
2015/11/06,"10,997","320.23","-"
2015/11/09,"11,001","320.51","-"
2015/11/10,"10,974","319.81","-"
2015/11/11,"10,981","320.23","-"
2015/11/12,"10,976","319.67","-"
2015/11/13,"10,966","319.40","-"
2015/11/16,"10,949","319.22","-"
2015/11/17,"10,975","320.11","-"
2015/11/18,"10,980","321.22","-"
2015/11/19,"10,994","321.77","-"
2015/11/20,"11,002","322.21","-"
2015/11/24,"11,009","322.47","-"
2015/11/25,"10,996","322.28","-"
2015/11/26,"11,010","323.22","-"
2015/11/27,"11,009","323.35","-"
2015/11/30,"11,000","323.09","-"
2015/12/01,"11,004","318.84","-"
2015/12/02,"11,017","319.25","-"
2015/12/03,"11,016","319.39","-"
2015/12/04,"10,923","316.95","-"
2015/12/07,"10,936","317.29","-"
2015/12/08,"10,951","317.91","-"
2015/12/09,"10,940","317.84","-"
2015/12/10,"10,902","316.83","-"
2015/12/11,"10,901","316.93","-"
2015/12/14,"10,899","316.95","-"
2015/12/15,"10,873","316.40","-"
2015/12/16,"10,882","316.84","-"
2015/12/17,"10,898","317.36","-"
2015/12/18,"10,926","318.29","-"
2015/12/21,"10,924","318.35","-"
2015/12/22,"10,923","318.53","-"
2015/12/24,"10,900","318.26","-"
2015/12/25,"10,897","318.43","-"
2015/12/28,"10,905","318.68","-"
2015/12/29,"10,915","318.97","-"
2015/12/30,"10,909","318.78","-"
2016/01/04,"10,893","314.65","-"
2016/01/05,"10,892","314.91","-"
2016/01/06,"10,892","315.07","-"
2016/01/07,"10,878","314.74","-"
2016/01/08,"10,839","313.89","-"
2016/01/12,"10,760","311.62","30"
2016/01/13,"10,786","313.17","-"
2016/01/14,"10,770","312.63","-"
2016/01/15,"10,767","312.49","-"
2016/01/18,"10,774","312.80","-"
2016/01/19,"10,768","312.72","-"
2016/01/20,"10,752","312.28","-"
2016/01/21,"10,733","311.67","-"
2016/01/22,"10,760","312.01","-"
2016/01/25,"10,780","312.45","-"
2016/01/26,"10,776","310.43","-"
2016/01/27,"10,805","311.23","-"
2016/01/28,"10,799","311.11","-"
2016/01/29,"10,867","312.34","-"
2016/02/01,"10,936","314.28","-"
2016/02/02,"10,908","313.51","-"
2016/02/03,"10,901","313.51","-"
2016/02/04,"10,861","312.28","-"
2016/02/05,"10,859","312.25","-"
2016/02/08,"10,865","312.39","-"
2016/02/09,"10,814","310.85","-"
2016/02/10,"10,756","308.80","-"
2016/02/12,"10,673","306.41","-"
2016/02/15,"10,737","308.18","-"
2016/02/16,"10,784","309.53","-"
2016/02/17,"10,787","309.60","-"
2016/02/18,"10,808","309.94","-"
2016/02/19,"10,829","310.63","-"
2016/02/22,"10,841","310.90","-"
2016/02/23,"10,853","311.24","-"
2016/02/24,"10,865","311.73","-"
2016/02/25,"10,892","312.51","-"
2016/02/26,"10,903","312.86","-"
2016/02/29,"10,902","312.89","-"
2016/03/01,"10,910","313.27","-"
2016/03/02,"10,955","314.39","-"
2016/03/03,"10,957","314.56","-"
2016/03/04,"10,978","315.10","-"
2016/03/07,"10,971","314.96","-"
2016/03/08,"10,979","315.00","-"
2016/03/09,"10,943","314.10","-"
2016/03/10,"10,944","314.09","-"
2016/03/11,"10,940","314.01","-"
2016/03/14,"10,980","316.50","-"
2016/03/15,"10,989","316.77","-"
2016/03/16,"10,970","316.12","-"
2016/03/17,"10,975","316.11","-"
2016/03/18,"11,002","316.78","-"
2016/03/22,"11,051","317.41","-"
2016/03/23,"11,048","317.03","-"
2016/03/24,"11,033","316.49","-"
2016/03/25,"11,033","316.39","-"
2016/03/28,"11,042","316.97","-"
2016/03/29,"11,045","317.06","-"
2016/03/30,"11,046","317.08","-"
2016/03/31,"11,049","316.98","-"
2016/04/01,"11,038","317.46","-"
2016/04/04,"11,046","317.59","-"
2016/04/05,"11,030","317.16","-"
2016/04/06,"11,022","316.97","-"
2016/04/07,"11,019","316.92","-"
2016/04/08,"11,038","317.45","-"
2016/04/11,"11,031","317.20","-"
2016/04/12,"11,035","317.32","-"
2016/04/13,"11,050","317.92","-"
2016/04/14,"11,116","319.81","-"
2016/04/15,"11,107","319.37","-"
2016/04/18,"11,081","318.09","-"
2016/04/19,"11,097","318.94","-"
2016/04/20,"11,102","319.05","-"
2016/04/21,"11,123","319.41","-"
2016/04/22,"11,109","319.03","-"
2016/04/25,"11,090","317.94","-"
2016/04/26,"11,075","317.81","-"
2016/04/27,"11,042","317.08","-"
2016/04/28,"11,027","316.78","-"
2016/05/02,"10,979","315.48","-"
2016/05/06,"11,000","316.26","-"
2016/05/09,"11,022","316.90","-"
2016/05/10,"11,052","318.48","-"
2016/05/11,"11,058","318.96","-"
2016/05/12,"11,048","318.57","-"
2016/05/13,"11,031","318.17","-"
2016/05/16,"11,037","318.35","-"
2016/05/17,"11,044","318.74","-"
2016/05/18,"11,037","318.54","-"
2016/05/19,"11,002","317.97","-"
2016/05/20,"10,998","317.94","-"
2016/05/23,"11,003","318.02","-"
2016/05/24,"10,995","317.92","-"
2016/05/25,"11,013","318.64","-"
2016/05/26,"11,019","318.83","-"
2016/05/27,"11,039","318.58","-"
2016/05/30,"11,065","319.30","-"
2016/05/31,"11,074","319.96","-"
2016/06/01,"11,066","319.74","-"
2016/06/02,"11,043","319.50","-"
2016/06/03,"11,062","319.73","-"
2016/06/06,"11,067","319.93","-"
2016/06/07,"11,072","320.15","-"
2016/06/08,"11,081","320.55","-"
2016/06/09,"11,088","321.01","-"
2016/06/10,"11,108","321.39","-"
2016/06/13,"11,083","320.42","-"
2016/06/14,"11,054","319.26","-"
2016/06/15,"11,063","319.66","-"
2016/06/16,"11,050","319.41","-"
2016/06/17,"11,023","318.94","-"
2016/06/20,"11,012","317.97","-"
2016/06/21,"11,022","317.67","-"
2016/06/22,"11,026","317.75","-"
2016/06/23,"11,030","318.18","-"
2016/06/24,"11,043","318.54","-"
2016/06/27,"11,073","319.26","-"
2016/06/28,"11,114","321.09","-"
2016/06/29,"11,139","321.79","-"
2016/06/30,"11,150","322.39","-"
2016/07/01,"11,179","318.57","-"
2016/07/04,"11,197","319.50","-"
2016/07/05,"11,199","319.58","-"
2016/07/06,"11,222","320.24","-"
2016/07/07,"11,208","319.10","-"
2016/07/08,"11,201","318.87","-"
2016/07/11,"11,223","319.25","30"
2016/07/12,"11,269","321.03","-"
2016/07/13,"11,263","321.10","-"
2016/07/14,"11,277","321.56","-"
2016/07/15,"11,248","320.57","-"
2016/07/19,"11,261","321.31","-"
2016/07/20,"11,279","322.13","-"
2016/07/21,"11,283","322.00","-"
2016/07/22,"11,257","321.44","-"
2016/07/25,"11,284","322.37","-"
2016/07/26,"11,266","320.97","-"
2016/07/27,"11,268","321.43","-"
2016/07/28,"11,257","321.37","-"
2016/07/29,"11,256","321.71","-"
2016/08/01,"11,231","320.98","-"
2016/08/02,"11,214","321.11","-"
2016/08/03,"11,151","319.52","-"
2016/08/04,"11,143","319.67","-"
2016/08/05,"11,178","320.74","-"
2016/08/08,"11,207","322.80","-"
2016/08/09,"11,233","323.48","-"
2016/08/10,"11,237","323.97","-"
2016/08/12,"11,260","324.92","-"
2016/08/15,"11,261","325.21","-"
2016/08/16,"11,244","325.13","-"
2016/08/17,"11,217","325.08","-"
2016/08/18,"11,198","324.79","-"
2016/08/19,"11,206","325.21","-"
2016/08/22,"11,205","325.35","-"
2016/08/23,"11,199","324.89","-"
2016/08/24,"11,204","325.31","-"
2016/08/25,"11,194","325.18","-"
2016/08/26,"11,180","324.68","-"
2016/08/29,"11,210","325.88","-"
2016/08/30,"11,219","326.26","-"
2016/08/31,"11,242","326.92","-"
2016/09/01,"11,228","327.08","-"
2016/09/02,"11,197","326.34","-"
2016/09/05,"11,208","327.05","-"
2016/09/06,"11,217","327.53","-"
2016/09/07,"11,221","327.64","-"
2016/09/08,"11,230","329.36","-"
2016/09/09,"11,208","329.29","-"
2016/09/12,"11,139","328.41","-"
2016/09/13,"11,121","328.56","-"
2016/09/14,"11,102","328.93","-"
2016/09/15,"11,085","328.99","-"
2016/09/16,"11,093","329.76","-"
2016/09/20,"11,137","331.96","-"
2016/09/21,"11,162","333.74","-"
2016/09/23,"11,216","336.98","-"
2016/09/26,"11,207","337.14","-"
2016/09/27,"11,202","335.59","-"
2016/09/28,"11,207","337.03","-"
2016/09/29,"11,224","338.46","-"
2016/09/30,"11,205","340.42","-"
2016/10/03,"11,199","341.74","-"
2016/10/04,"11,205","342.26","-"
2016/10/05,"11,197","342.02","-"
2016/10/06,"11,171","341.77","-"
2016/10/07,"11,188","342.08","-"
2016/10/11,"11,184","342.15","-"
2016/10/12,"11,157","341.56","-"
2016/10/13,"11,170","342.39","-"
2016/10/14,"11,164","342.27","-"
2016/10/17,"11,164","342.48","-"
2016/10/18,"11,147","341.75","-"
2016/10/19,"11,168","342.68","-"
2016/10/20,"11,190","343.44","-"
2016/10/21,"11,199","343.86","-"
2016/10/24,"11,204","344.19","-"
2016/10/25,"11,219","344.97","-"
2016/10/26,"11,221","345.36","-"
2016/10/27,"11,184","344.57","-"
2016/10/28,"11,152","343.58","-"
2016/10/31,"11,146","343.30","-"
2016/11/01,"11,156","344.82","-"
2016/11/02,"11,110","343.83","-"
2016/11/04,"11,046","342.08","-"
2016/11/07,"11,065","342.95","-"
2016/11/08,"11,079","343.65","-"
2016/11/09,"11,047","343.41","-"
2016/11/10,"11,053","343.72","-"
2016/11/11,"11,012","342.37","-"
2016/11/14,"10,999","342.62","-"
2016/11/15,"10,966","341.62","-"
2016/11/16,"11,018","343.70","-"
2016/11/17,"11,034","344.60","-"
2016/11/18,"11,043","344.96","-"
2016/11/21,"11,047","345.67","-"
2016/11/22,"11,037","345.80","-"
2016/11/24,"11,071","347.42","-"
2016/11/25,"11,081","348.20","-"
2016/11/28,"11,087","348.38","-"
2016/11/29,"11,100","350.08","-"
2016/11/30,"11,106","351.13","-"
2016/12/01,"11,117","352.29","-"
2016/12/02,"11,071","351.06","-"
2016/12/05,"11,069","351.18","-"
2016/12/06,"11,068","351.50","-"
2016/12/07,"11,099","353.00","-"
2016/12/08,"11,137","354.72","-"
2016/12/09,"11,139","355.20","-"
2016/12/12,"11,124","355.85","-"
2016/12/13,"11,108","356.21","-"
2016/12/14,"11,136","356.55","-"
2016/12/15,"11,153","357.99","-"
2016/12/16,"11,149","358.38","-"
2016/12/19,"11,147","359.40","-"
2016/12/20,"11,179","361.73","-"
2016/12/21,"11,179","363.05","-"
2016/12/22,"11,181","364.76","-"
2016/12/26,"11,182","365.76","-"
2016/12/27,"11,186","368.37","-"
2016/12/28,"11,193","368.60","-"
2016/12/29,"11,191","368.53","-"
2016/12/30,"11,204","375.44","-"
2017/01/04,"11,227","379.76","-"
2017/01/05,"11,220","380.82","-"
2017/01/06,"11,232","381.64","-"
2017/01/10,"11,229","381.45","-"
2017/01/11,"11,200","380.14","30"
2017/01/12,"11,185","381.17","-"
2017/01/13,"11,201","382.91","-"
2017/01/16,"11,187","383.89","-"
2017/01/17,"11,167","384.81","-"
2017/01/18,"11,150","384.24","-"
2017/01/19,"11,168","388.52","-"
2017/01/20,"11,139","389.52","-"
2017/01/23,"11,116","390.74","-"
2017/01/24,"11,114","392.27","-"
2017/01/25,"11,125","394.82","-"
2017/01/26,"11,114","396.28","-"
2017/01/27,"11,128","398.91","-"
2017/01/30,"11,124","401.45","-"
2017/01/31,"11,098","402.01","-"
2017/02/01,"11,097","404.91","-"
2017/02/02,"11,064","406.72","-"
2017/02/03,"11,095","409.45","-"
2017/02/06,"11,104","412.20","-"
2017/02/07,"11,105","413.83","-"
2017/02/08,"11,107","415.57","-"
2017/02/09,"11,125","419.10","-"
2017/02/10,"11,159","421.98","-"
2017/02/13,"11,165","423.77","-"
2017/02/14,"11,157","424.67","-"
2017/02/15,"11,170","427.35","-"
2017/02/16,"11,159","429.26","-"
2017/02/17,"11,165","430.70","-"
2017/02/20,"11,175","432.87","-"
2017/02/21,"11,178","433.83","-"
2017/02/22,"11,197","434.56","-"
2017/02/23,"11,212","438.48","-"
2017/02/24,"11,215","439.98","-"
2017/02/27,"11,229","442.49","-"
2017/02/28,"11,233","445.60","-"
2017/03/01,"11,238","448.45","-"
2017/03/02,"11,263","452.00","-"
2017/03/03,"11,251","452.87","-"
2017/03/06,"11,244","452.98","-"
2017/03/07,"11,240","455.13","-"
2017/03/08,"11,226","455.07","-"
2017/03/09,"11,210","455.74","-"
2017/03/10,"11,188","456.77","-"
2017/03/13,"11,190","458.10","-"
2017/03/14,"11,188","459.16","-"
2017/03/15,"11,185","461.14","-"
2017/03/16,"11,207","463.50","-"
2017/03/17,"11,215","465.21","-"
2017/03/21,"11,213","466.89","-"
2017/03/22,"11,170","466.48","-"
2017/03/23,"11,170","468.42","-"
2017/03/24,"11,179","470.63","-"
2017/03/27,"11,170","471.81","-"
2017/03/28,"11,173","474.00","-"
2017/03/29,"11,214","479.55","-"
2017/03/30,"11,214","483.59","-"
2017/03/31,"11,207","487.40","-"
2017/04/03,"11,188","491.22","-"
2017/04/04,"11,192","493.51","-"
2017/04/05,"11,205","494.57","-"
2017/04/06,"11,190","494.25","-"
2017/04/07,"11,211","494.57","-"
2017/04/10,"11,226","495.61","-"
2017/04/11,"11,216","496.00","-"
2017/04/12,"11,200","495.90","-"
2017/04/13,"11,178","495.14","-"
2017/04/14,"11,180","496.02","-"
2017/04/17,"11,187","496.79","-"
2017/04/18,"11,210","497.84","-"
2017/04/19,"11,176","496.31","-"
2017/04/20,"11,180","497.88","-"
2017/04/21,"11,194","499.35","-"
2017/04/24,"11,198","500.15","-"
2017/04/25,"11,231","502.36","-"
2017/04/26,"11,252","504.53","-"
2017/04/27,"11,245","505.70","-"
2017/04/28,"11,242","507.07","-"
2017/05/01,"11,236","508.55","-"
2017/05/02,"11,253","510.94","-"
2017/05/08,"11,271","511.73","-"
2017/05/09,"11,270","514.80","-"
2017/05/10,"11,269","515.64","-"
2017/05/11,"11,285","517.70","-"
2017/05/12,"11,276","518.55","-"
2017/05/15,"11,279","520.39","-"
2017/05/16,"11,281","520.71","-"
2017/05/17,"11,265","521.93","-"
2017/05/18,"11,235","522.20","-"
2017/05/19,"11,229","523.71","-"
2017/05/22,"11,241","525.65","-"
2017/05/23,"11,242","527.33","-"
2017/05/24,"11,257","530.42","-"
2017/05/25,"11,266","531.61","-"
2017/05/26,"11,284","534.54","-"
2017/05/29,"11,289","537.22","-"
2017/05/30,"11,290","540.30","-"
2017/05/31,"11,277","539.67","-"
2017/06/01,"11,285","544.86","-"
2017/06/02,"11,317","549.02","-"
2017/06/05,"11,325","551.15","-"
2017/06/06,"11,308","551.44","-"
2017/06/07,"11,310","551.52","-"
2017/06/08,"11,298","553.03","-"
2017/06/09,"11,310","554.15","-"
2017/06/12,"11,313","555.62","-"
2017/06/13,"11,311","557.85","-"
2017/06/14,"11,312","560.03","-"
2017/06/15,"11,338","562.92","-"
2017/06/16,"11,331","564.46","-"
2017/06/19,"11,335","565.62","-"
2017/06/20,"11,358","568.25","-"
2017/06/21,"11,349","569.53","-"
2017/06/22,"11,340","570.49","-"
2017/06/23,"11,343","572.38","-"
2017/06/26,"11,344","573.75","-"
2017/06/27,"11,368","576.97","-"
2017/06/28,"11,312","577.01","-"
2017/06/29,"11,308","578.99","-"
2017/06/30,"11,244","577.42","-"
2017/07/03,"11,234","581.06","-"
2017/07/04,"11,245","585.68","-"
2017/07/05,"11,248","589.17","-"
2017/07/06,"11,235","588.51","-"
2017/07/07,"11,181","589.16","-"
2017/07/10,"11,191","592.41","-"
2017/07/11,"11,175","593.34","30"
2017/07/12,"11,164","595.82","-"
2017/07/13,"11,198","600.97","-"
2017/07/14,"11,199","603.48","-"
2017/07/18,"11,212","606.45","-"
2017/07/19,"11,225","610.35","-"
2017/07/20,"11,258","615.23","-"
2017/07/21,"11,261","617.76","-"
2017/07/24,"11,247","620.16","-"
2017/07/25,"11,245","623.25","-"
2017/07/26,"11,233","626.60","-"
2017/07/27,"11,238","630.61","-"
2017/07/28,"11,250","634.78","-"
2017/07/31,"11,227","639.17","-"
2017/08/01,"11,229","644.12","-"
2017/08/02,"11,251","652.15","-"
2017/08/03,"11,249","658.43","-"
2017/08/04,"11,249","660.36","-"
2017/08/07,"11,271","663.17","-"
2017/08/08,"11,282","665.30","-"
2017/08/09,"11,269","666.49","-"
2017/08/10,"11,257","667.59","-"
2017/08/14,"11,183","664.79","-"
2017/08/15,"11,243","670.20","-"
2017/08/16,"11,252","673.69","-"
2017/08/17,"11,254","676.39","-"
2017/08/18,"11,229","676.88","-"
2017/08/21,"11,210","678.30","-"
2017/08/22,"11,213","680.91","-"
2017/08/23,"11,248","684.92","-"
2017/08/24,"11,245","687.07","-"
2017/08/25,"11,250","689.10","-"
2017/08/28,"11,241","690.54","-"
2017/08/29,"11,224","691.67","-"
2017/08/30,"11,238","692.53","-"
2017/08/31,"11,274","698.81","-"
2017/09/01,"11,289","703.04","-"
2017/09/04,"11,272","705.71","-"
2017/09/05,"11,254","706.10","-"
2017/09/06,"11,232","704.69","-"
2017/09/07,"11,247","707.63","-"
2017/09/08,"11,245","708.56","-"
2017/09/11,"11,250","711.91","-"
2017/09/12,"11,298","714.15","-"
2017/09/13,"11,294","715.26","-"
2017/09/14,"11,303","718.00","-"
2017/09/15,"11,289","718.37","-"
2017/09/19,"11,319","722.30","-"
2017/09/20,"11,313","723.67","-"
2017/09/21,"11,324","726.16","-"
2017/09/22,"11,299","726.11","-"
2017/09/25,"11,310","729.67","-"
2017/09/26,"11,301","736.12","-"
2017/09/27,"11,313","740.03","-"
2017/09/28,"11,312","743.22","-"
2017/09/29,"11,311","747.71","-"
2017/10/02,"11,333","755.20","-"
2017/10/03,"11,366","760.23","-"
2017/10/04,"11,369","761.02","-"
2017/10/05,"11,378","761.68","-"
2017/10/06,"11,411","761.43","-"
2017/10/10,"11,395","760.55","-"
2017/10/11,"11,392","760.74","-"
2017/10/12,"11,397","760.91","-"
2017/10/13,"11,411","761.94","-"
2017/10/16,"11,433","764.14","-"
2017/10/17,"11,452","766.43","-"
2017/10/18,"11,463","766.80","-"
2017/10/19,"11,464","766.43","-"
2017/10/20,"11,458","766.25","-"
2017/10/23,"11,475","767.87","-"
2017/10/24,"11,470","768.45","-"
2017/10/25,"11,463","769.02","-"
2017/10/26,"11,432","766.56","-"
2017/10/27,"11,475","770.67","-"
2017/10/30,"11,495","773.68","-"
2017/10/31,"11,487","774.82","-"
2017/11/01,"11,512","778.85","-"
2017/11/02,"11,532","780.18","-"
2017/11/06,"11,556","784.47","-"
2017/11/07,"11,572","785.82","-"
2017/11/08,"11,590","788.71","-"
2017/11/09,"11,591","788.28","-"
2017/11/10,"11,544","785.70","-"
2017/11/13,"11,513","783.91","-"
2017/11/14,"11,516","784.21","-"
2017/11/15,"11,477","783.46","-"
2017/11/16,"11,486","784.60","-"
2017/11/17,"11,514","788.16","-"
2017/11/20,"11,522","789.53","-"
2017/11/21,"11,539","792.78","-"
2017/11/22,"11,564","797.02","-"
2017/11/24,"11,560","796.64","-"
2017/11/27,"11,549","798.47","-"
2017/11/28,"11,540","798.99","-"
2017/11/29,"11,564","804.27","-"
2017/11/30,"11,551","806.08","-"
2017/12/01,"11,538","808.14","-"
2017/12/04,"11,543","809.20","-"
2017/12/05,"11,535","810.92","-"
2017/12/06,"11,519","810.60","-"
2017/12/07,"11,542","813.10","-"
2017/12/08,"11,557","815.72","-"
2017/12/11,"11,585","820.43","-"
2017/12/12,"11,592","822.17","-"
2017/12/13,"11,587","824.46","-"
2017/12/14,"11,580","825.04","-"
2017/12/15,"11,561","825.59","-"
2017/12/18,"11,603","830.93","-"
2017/12/19,"11,605","833.91","-"
2017/12/20,"11,573","834.53","-"
2017/12/21,"11,550","833.83","-"
2017/12/22,"11,552","835.34","-"
2017/12/25,"11,561","839.35","-"
2017/12/26,"11,559","843.46","-"
2017/12/27,"11,571","844.38","-"
2017/12/28,"11,574","844.55","-"
2017/12/29,"11,561","853.51","-"
2018/01/04,"11,590","859.65","-"
2018/01/05,"11,591","862.72","-"
2018/01/09,"11,616","867.67","-"
2018/01/10,"11,581","866.77","-"
2018/01/11,"11,513","864.17","30"
2018/01/12,"11,500","866.35","-"
2018/01/15,"11,501","868.90","-"
2018/01/16,"11,503","869.38","-"
2018/01/17,"11,505","869.58","-"
2018/01/18,"11,521","874.05","-"
2018/01/19,"11,503","874.02","-"
2018/01/22,"11,502","875.21","-"
2018/01/23,"11,523","878.53","-"
2018/01/24,"11,535","881.91","-"
2018/01/25,"11,498","879.99","-"
2018/01/26,"11,499","881.01","-"
2018/01/29,"11,477","881.54","-"
2018/01/30,"11,438","880.66","-"
2018/01/31,"11,406","881.71","-"
2018/02/01,"11,446","886.53","-"
2018/02/02,"11,421","888.56","-"
2018/02/05,"11,368","885.95","-"
2018/02/06,"11,268","879.74","-"
2018/02/07,"11,276","881.80","-"
2018/02/08,"11,274","883.22","-"
2018/02/09,"11,226","880.94","-"
2018/02/13,"11,226","882.81","-"
2018/02/14,"11,212","883.12","-"
2018/02/15,"11,198","883.37","-"
2018/02/16,"11,211","886.63","-"
2018/02/19,"11,243","890.41","-"
2018/02/20,"11,238","892.17","-"
2018/02/21,"11,234","891.84","-"
2018/02/22,"11,224","894.75","-"
2018/02/23,"11,229","896.95","-"
2018/02/26,"11,258","900.09","-"
2018/02/27,"11,272","902.41","-"
2018/02/28,"11,249","903.24","-"
2018/03/01,"11,223","903.33","-"
2018/03/02,"11,197","904.78","-"
2018/03/05,"11,159","902.96","-"
2018/03/06,"11,190","906.60","-"
2018/03/07,"11,184","907.62","-"
2018/03/08,"11,193","909.48","-"
2018/03/09,"11,232","913.75","-"
2018/03/12,"11,254","916.71","-"
2018/03/13,"11,261","919.01","-"
2018/03/14,"11,257","920.93","-"
2018/03/15,"11,255","922.71","-"
2018/03/16,"11,269","925.73","-"
2018/03/19,"11,259","926.63","-"
2018/03/20,"11,232","925.71","-"
2018/03/22,"11,208","925.66","-"
2018/03/23,"11,163","923.58","-"
2018/03/26,"11,113","920.97","-"
2018/03/27,"11,159","927.15","-"
2018/03/28,"11,173","932.49","-"
2018/03/29,"11,218","938.90","-"
2018/03/30,"11,239","943.32","-"
2018/04/02,"11,235","945.55","-"
2018/04/03,"11,217","944.02","-"
2018/04/04,"11,224","944.57","-"
2018/04/05,"11,234","945.04","-"
2018/04/06,"11,243","946.02","-"
2018/04/09,"11,231","945.85","-"
2018/04/10,"11,220","945.44","-"
2018/04/11,"11,224","946.12","-"
2018/04/12,"11,226","946.21","-"
2018/04/13,"11,217","946.27","-"
2018/04/16,"11,214","946.48","-"
2018/04/17,"11,192","945.17","-"
2018/04/18,"11,228","948.89","-"
2018/04/19,"11,245","950.69","-"
2018/04/20,"11,222","949.51","-"
2018/04/23,"11,208","949.94","-"
2018/04/24,"11,216","952.14","-"
2018/04/25,"11,209","952.64","-"
2018/04/26,"11,200","953.61","-"
2018/04/27,"11,238","959.29","-"
2018/05/01,"11,287","964.79","-"
2018/05/02,"11,301","967.93","-"
2018/05/07,"11,276","965.83","-"
2018/05/08,"11,295","971.44","-"
2018/05/09,"11,275","969.76","-"
2018/05/10,"11,286","973.47","-"
2018/05/11,"11,318","976.93","-"
2018/05/14,"11,320","978.54","-"
2018/05/15,"11,306","978.45","-"
2018/05/16,"11,262","975.94","-"
2018/05/17,"11,263","977.62","-"
2018/05/18,"11,251","977.73","-"
2018/05/21,"11,258","979.37","-"
2018/05/22,"11,254","980.35","-"
2018/05/23,"11,259","980.81","-"
2018/05/24,"11,271","984.40","-"
2018/05/25,"11,284","987.08","-"
2018/05/28,"11,305","989.90","-"
2018/05/29,"11,304","992.04","-"
2018/05/30,"11,306","992.26","-"
2018/05/31,"11,286","994.50","-"
2018/06/01,"11,293","998.53","-"
2018/06/04,"11,302","1,001.26","-"
2018/06/05,"11,321","1,003.53","-"
2018/06/06,"11,305","1,004.57","-"
2018/06/07,"11,285","1,003.69","-"
2018/06/08,"11,274","1,003.47","-"
2018/06/11,"11,268","1,004.00","-"
2018/06/12,"11,284","1,006.84","-"
2018/06/13,"11,289","1,007.75","-"
2018/06/14,"11,268","1,006.01","-"
2018/06/15,"11,320","1,012.29","-"
2018/06/18,"11,318","1,013.35","-"
2018/06/19,"11,291","1,012.90","-"
2018/06/20,"11,294","1,014.22","-"
2018/06/21,"11,316","1,017.18","-"
2018/06/22,"11,303","1,016.90","-"
2018/06/25,"11,302","1,017.80","-"
2018/06/26,"11,292","1,018.22","-"
2018/06/27,"11,292","1,020.04","-"
2018/06/28,"11,306","1,022.85","-"
2018/06/29,"11,322","1,026.31","-"
2018/07/02,"11,315","1,027.86","-"
2018/07/03,"11,315","1,030.10","-"
2018/07/04,"11,315","1,030.99","-"
2018/07/05,"11,308","1,030.75","-"
2018/07/06,"11,330","1,032.78","-"
2018/07/09,"11,349","1,036.01","-"
2018/07/10,"11,361","1,038.12","-"
2018/07/11,"11,324","1,035.58","30"
2018/07/12,"11,333","1,038.45","-"
2018/07/13,"11,357","1,041.23","-"
2018/07/17,"11,354","1,040.90","-"
2018/07/18,"11,375","1,044.03","-"
2018/07/19,"11,371","1,044.85","-"
2018/07/20,"11,385","1,046.65","-"
2018/07/23,"11,328","1,042.00","-"
2018/07/24,"11,319","1,042.52","-"
2018/07/25,"11,322","1,043.62","-"
2018/07/26,"11,332","1,046.22","-"
2018/07/27,"11,351","1,049.39","-"
2018/07/30,"11,333","1,049.73","-"
2018/07/31,"11,315","1,050.64","-"
2018/08/01,"11,339","1,054.52","-"
2018/08/02,"11,317","1,054.77","-"
2018/08/03,"11,309","1,054.88","-"
2018/08/06,"11,326","1,057.48","-"
2018/08/07,"11,344","1,059.91","-"
2018/08/08,"11,337","1,059.46","-"
2018/08/09,"11,328","1,059.95","-"
2018/08/10,"11,325","1,060.19","-"
2018/08/13,"11,298","1,060.08","-"
2018/08/14,"11,281","1,059.38","-"
2018/08/15,"11,301","1,063.54","-"
2018/08/16,"11,293","1,063.61","-"
2018/08/17,"11,303","1,066.91","-"
2018/08/20,"11,306","1,068.66","-"
2018/08/21,"11,304","1,070.80","-"
2018/08/22,"11,301","1,071.73","-"
2018/08/23,"11,306","1,073.26","-"
2018/08/24,"11,325","1,075.98","-"
2018/08/27,"11,324","1,077.43","-"
2018/08/28,"11,326","1,079.04","-"
2018/08/29,"11,338","1,080.23","-"
2018/08/30,"11,326","1,083.34","-"
2018/08/31,"11,314","1,083.62","-"
2018/09/03,"11,315","1,086.55","-"
2018/09/04,"11,317","1,089.61","-"
2018/09/05,"11,289","1,086.97","-"
2018/09/06,"11,266","1,086.89","-"
2018/09/07,"11,263","1,088.13","-"
2018/09/10,"11,251","1,088.23","-"
2018/09/11,"11,253","1,088.73","-"
2018/09/12,"11,243","1,088.84","-"
2018/09/13,"11,252","1,091.14","-"
2018/09/14,"11,271","1,093.98","-"
2018/09/18,"11,285","1,096.77","-"
2018/09/19,"11,294","1,098.57","-"
2018/09/20,"11,279","1,098.75","-"
2018/09/21,"11,284","1,099.12","-"
2018/09/25,"11,303","1,102.68","-"
2018/09/26,"11,309","1,105.04","-"
2018/09/27,"11,296","1,108.35","-"
2018/09/28,"11,340","1,117.72","-"
2018/10/01,"11,349","1,123.51","-"
2018/10/02,"11,341","1,125.77","-"
2018/10/03,"11,333","1,125.07","-"
2018/10/04,"11,330","1,125.12","-"
2018/10/05,"11,268","1,118.94","-"
2018/10/09,"11,232","1,114.42","-"
2018/10/10,"11,225","1,113.95","-"
2018/10/11,"11,148","1,107.69","-"
2018/10/12,"11,085","1,102.13","-"
2018/10/15,"11,099","1,104.46","-"
2018/10/16,"11,094","1,105.04","-"
2018/10/17,"11,125","1,109.13","-"
2018/10/18,"11,131","1,110.07","-"
2018/10/19,"11,117","1,109.40","-"
2018/10/22,"11,115","1,109.90","-"
2018/10/23,"11,111","1,110.58","-"
2018/10/24,"11,110","1,111.18","-"
2018/10/25,"11,103","1,110.88","-"
2018/10/26,"11,121","1,112.75","-"
2018/10/29,"11,115","1,113.17","-"
2018/10/30,"11,125","1,115.19","-"
2018/10/31,"11,136","1,117.53","-"
2018/11/01,"11,121","1,116.51","-"
2018/11/02,"11,120","1,117.31","-"
2018/11/05,"11,102","1,115.88","-"
2018/11/06,"11,108","1,116.91","-"
2018/11/07,"11,101","1,116.64","-"
2018/11/08,"11,122","1,118.92","-"
2018/11/09,"11,118","1,118.91","-"
2018/11/12,"11,133","1,120.70","-"
2018/11/13,"11,127","1,120.08","-"
2018/11/14,"11,103","1,117.62","-"
2018/11/15,"11,095","1,118.07","-"
2018/11/16,"11,114","1,120.48","-"
2018/11/19,"11,118","1,121.44","-"
2018/11/20,"11,092","1,118.63","-"
2018/11/21,"11,081","1,118.50","-"
2018/11/22,"11,091","1,119.13","-"
2018/11/26,"11,098","1,119.92","-"
2018/11/27,"11,113","1,121.50","-"
2018/11/28,"11,125","1,123.57","-"
2018/11/29,"11,133","1,125.82","-"
2018/11/30,"11,148","1,128.02","-"
2018/12/03,"11,157","1,129.15","-"
2018/12/04,"11,181","1,132.52","-"
2018/12/05,"11,191","1,134.07","-"
2018/12/06,"11,185","1,135.11","-"
2018/12/07,"11,203","1,136.91","-"
2018/12/10,"11,190","1,136.05","-"
2018/12/11,"11,202","1,137.18","-"
2018/12/12,"11,210","1,138.45","-"
2018/12/13,"11,199","1,137.57","-"
2018/12/14,"11,198","1,137.92","-"
2018/12/17,"11,207","1,138.89","-"
2018/12/18,"11,178","1,136.19","-"
2018/12/19,"11,183","1,138.22","-"
2018/12/20,"11,184","1,139.31","-"
2018/12/21,"11,157","1,135.87","-"
2018/12/25,"11,110","1,131.50","-"
2018/12/26,"11,116","1,132.51","-"
2018/12/27,"11,147","1,135.64","-"
2018/12/28,"11,155","1,136.47","-"
2019/01/04,"11,182","1,141.64","-"
2019/01/07,"11,174","1,139.79","-"
2019/01/08,"11,173","1,140.28","-"
2019/01/09,"11,178","1,141.30","-"
2019/01/10,"11,175","1,140.42","-"
2019/01/11,"11,159","1,138.79","30"
2019/01/15,"11,151","1,140.20","-"
2019/01/16,"11,175","1,143.05","-"
2019/01/17,"11,192","1,146.07","-"
2019/01/18,"11,197","1,146.73","-"
2019/01/21,"11,222","1,149.36","-"
2019/01/22,"11,212","1,148.26","-"
2019/01/23,"11,198","1,146.77","-"
2019/01/24,"11,196","1,146.60","-"
2019/01/25,"11,241","1,151.23","-"
2019/01/28,"11,229","1,150.26","-"
2019/01/29,"11,249","1,152.68","-"
2019/01/30,"11,262","1,154.55","-"
2019/01/31,"11,283","1,157.00","-"
2019/02/01,"11,319","1,161.50","-"
2019/02/04,"11,315","1,161.80","-"
2019/02/05,"11,325","1,162.74","-"
2019/02/06,"11,345","1,164.43","-"
2019/02/07,"11,344","1,163.94","-"
2019/02/08,"11,339","1,162.66","-"
2019/02/12,"11,368","1,165.77","-"
2019/02/13,"11,363","1,164.41","-"
2019/02/14,"11,377","1,165.87","-"
2019/02/15,"11,379","1,164.89","-"
2019/02/18,"11,384","1,165.08","-"
2019/02/19,"11,397","1,166.82","-"
2019/02/20,"11,390","1,166.11","-"
2019/02/21,"11,383","1,165.00","-"
2019/02/22,"11,379","1,163.84","-"
2019/02/25,"11,401","1,165.75","-"
2019/02/26,"11,391","1,165.26","-"
2019/02/27,"11,381","1,165.70","-"
2019/02/28,"11,346","1,160.74","-"
2019/03/01,"11,353","1,161.46","-"
2019/03/04,"11,354","1,162.23","-"
2019/03/05,"11,371","1,164.41","-"
2019/03/06,"11,382","1,166.29","-"
2019/03/07,"11,385","1,167.26","-"
2019/03/08,"11,402","1,169.02","-"
2019/03/11,"11,402","1,169.62","-"
2019/03/12,"11,412","1,170.31","-"
2019/03/13,"11,433","1,172.46","-"
2019/03/14,"11,417","1,171.53","-"
2019/03/15,"11,433","1,172.99","-"
2019/03/18,"11,442","1,174.27","-"
2019/03/19,"11,454","1,177.12","-"
2019/03/20,"11,455","1,177.70","-"
2019/03/22,"11,516","1,183.24","-"
2019/03/25,"11,502","1,181.50","-"
2019/03/26,"11,513","1,184.14","-"
2019/03/27,"11,549","1,189.06","-"
2019/03/28,"11,555","1,193.28","-"
2019/03/29,"11,576","1,198.89","-"
2019/04/01,"11,578","1,197.93","-"
2019/04/02,"11,565","1,197.93","-"
2019/04/03,"11,573","1,196.86","-"
2019/04/04,"11,557","1,190.94","-"
2019/04/05,"11,573","1,190.79","-"
2019/04/08,"11,585","1,190.67","-"
2019/04/09,"11,570","1,188.22","-"
2019/04/10,"11,571","1,188.22","-"
2019/04/11,"11,588","1,186.66","-"
2019/04/12,"11,581","1,184.86","-"
2019/04/15,"11,563","1,181.61","-"
2019/04/16,"11,555","1,180.47","-"
2019/04/17,"11,539","1,179.66","-"
2019/04/18,"11,524","1,178.73","-"
2019/04/19,"11,556","1,181.94","-"
2019/04/22,"11,560","1,183.23","-"
2019/04/23,"11,542","1,181.33","-"
2019/04/24,"11,566","1,183.81","-"
2019/04/25,"11,609","1,191.05","-"
2019/04/26,"11,595","1,190.49","-"
2019/05/07,"11,565","1,189.39","-"
2019/05/08,"11,540","1,188.46","-"
2019/05/09,"11,527","1,190.92","-"
2019/05/10,"11,511","1,190.30","-"
2019/05/13,"11,515","1,192.40","-"
2019/05/14,"11,508","1,194.02","-"
2019/05/15,"11,520","1,197.86","-"
2019/05/16,"11,543","1,201.67","-"
2019/05/17,"11,556","1,205.94","-"
2019/05/20,"11,555","1,207.52","-"
2019/05/21,"11,536","1,204.96","-"
2019/05/22,"11,543","1,207.41","-"
2019/05/23,"11,557","1,209.75","-"
2019/05/24,"11,561","1,210.55","-"
2019/05/27,"11,557","1,213.32","-"
2019/05/28,"11,562","1,216.61","-"
2019/05/29,"11,567","1,217.15","-"
2019/05/30,"11,568","1,223.46","-"
2019/05/31,"11,567","1,225.52","-"
2019/06/03,"11,555","1,226.96","-"
2019/06/04,"11,574","1,231.10","-"
2019/06/05,"11,582","1,233.77","-"
2019/06/06,"11,617","1,238.10","-"
2019/06/07,"11,631","1,240.51","-"
2019/06/10,"11,660","1,246.28","-"
2019/06/11,"11,669","1,249.25","-"
2019/06/12,"11,683","1,250.78","-"
2019/06/13,"11,676","1,250.64","-"
2019/06/14,"11,699","1,254.39","-"
2019/06/17,"11,708","1,255.70","-"
2019/06/18,"11,714","1,257.71","-"
2019/06/19,"11,772","1,263.25","-"
2019/06/20,"11,784","1,264.76","-"
2019/06/21,"11,817","1,268.12","-"
2019/06/24,"11,767","1,263.13","-"
2019/06/25,"11,775","1,265.76","-"
2019/06/26,"11,767","1,267.86","-"
2019/06/27,"11,736","1,263.99","-"
2019/06/28,"11,764","1,270.37","-"
2019/07/01,"11,786","1,276.21","-"
2019/07/02,"11,816","1,283.90","-"
2019/07/03,"11,845","1,287.40","-"
2019/07/04,"11,890","1,292.25","-"
2019/07/05,"11,900","1,293.53","-"
2019/07/08,"11,860","1,289.16","-"
2019/07/09,"11,855","1,290.19","-"
2019/07/10,"11,851","1,289.88","-"
2019/07/11,"11,819","1,287.32","30"
2019/07/12,"11,788","1,287.14","-"
2019/07/16,"11,793","1,290.18","-"
2019/07/17,"11,804","1,292.98","-"
2019/07/18,"11,795","1,293.71","-"
2019/07/19,"11,804","1,295.98","-"
2019/07/22,"11,794","1,297.30","-"
2019/07/23,"11,802","1,300.72","-"
2019/07/24,"11,824","1,307.11","-"
2019/07/25,"11,837","1,310.12","-"
2019/07/26,"11,825","1,312.37","-"
2019/07/29,"11,825","1,314.16","-"
2019/07/30,"11,851","1,319.72","-"
2019/07/31,"11,847","1,323.58","-"
2019/08/01,"11,851","1,328.10","-"
2019/08/02,"11,837","1,328.72","-"
2019/08/05,"11,812","1,330.30","-"
2019/08/06,"11,769","1,326.54","-"
2019/08/07,"11,790","1,330.93","-"
2019/08/08,"11,831","1,336.93","-"
2019/08/09,"11,831","1,338.46","-"
2019/08/13,"11,829","1,340.24","-"
2019/08/14,"11,841","1,344.59","-"
2019/08/15,"11,875","1,350.03","-"
2019/08/16,"11,924","1,357.79","-"
2019/08/19,"11,923","1,360.47","-"
2019/08/20,"11,903","1,361.47","-"
2019/08/21,"11,917","1,365.51","-"
2019/08/22,"11,919","1,366.21","-"
2019/08/23,"11,893","1,364.95","-"
2019/08/26,"11,858","1,361.78","-"
2019/08/27,"11,868","1,364.69","-"
2019/08/28,"11,901","1,368.44","-"
2019/08/29,"11,938","1,378.22","-"
2019/08/30,"11,965","1,384.35","-"
2019/09/02,"11,982","1,388.78","-"
2019/09/03,"11,993","1,391.59","-"
2019/09/04,"12,002","1,392.64","-"
2019/09/05,"12,021","1,398.19","-"
2019/09/06,"11,978","1,393.51","-"
2019/09/09,"12,012","1,398.03","-"
2019/09/10,"11,974","1,396.83","-"
2019/09/11,"11,947","1,394.85","-"
2019/09/12,"11,957","1,398.01","-"
2019/09/13,"11,979","1,401.92","-"
2019/09/17,"11,935","1,401.94","-"
2019/09/18,"11,936","1,404.27","-"
2019/09/19,"11,974","1,413.06","-"
2019/09/20,"11,979","1,416.85","-"
2019/09/24,"12,019","1,426.01","-"
2019/09/25,"12,025","1,434.59","-"
2019/09/26,"12,017","1,441.34","-"
2019/09/27,"12,040","1,452.57","-"
2019/09/30,"12,018","1,464.05","-"
2019/10/01,"12,023","1,476.43","-"
2019/10/02,"12,010","1,479.30","-"
2019/10/03,"11,984","1,477.25","-"
2019/10/04,"12,022","1,482.69","-"
2019/10/07,"12,047","1,485.76","-"
2019/10/08,"12,056","1,488.81","-"
2019/10/09,"12,058","1,492.53","-"
2019/10/10,"12,038","1,491.05","-"
2019/10/11,"12,002","1,489.28","-"
2019/10/15,"11,987","1,488.72","-"
2019/10/16,"11,983","1,490.54","-"
2019/10/17,"11,971","1,490.63","-"
2019/10/18,"11,962","1,491.42","-"
2019/10/21,"11,961","1,494.78","-"
2019/10/23,"11,978","1,499.59","-"
2019/10/24,"11,984","1,504.78","-"
2019/10/25,"11,999","1,509.86","-"
2019/10/28,"11,980","1,511.18","-"
2019/10/29,"11,968","1,514.53","-"
2019/10/30,"11,969","1,520.82","-"
2019/10/31,"11,980","1,527.37","-"
2019/11/01,"12,001","1,535.99","-"
2019/11/05,"12,011","1,541.08","-"
2019/11/06,"11,974","1,539.09","-"
2019/11/07,"11,988","1,544.07","-"
2019/11/08,"11,950","1,542.27","-"
2019/11/11,"11,938","1,541.63","-"
2019/11/12,"11,916","1,541.96","-"
2019/11/13,"11,904","1,540.40","-"
2019/11/14,"11,907","1,549.07","-"
2019/11/15,"11,933","1,555.05","-"
2019/11/18,"11,947","1,561.06","-"
2019/11/19,"11,957","1,566.60","-"
2019/11/20,"11,971","1,573.72","-"
2019/11/21,"11,973","1,577.69","-"
2019/11/22,"11,950","1,579.73","-"
2019/11/25,"11,970","1,586.67","-"
2019/11/26,"11,992","1,593.80","-"
2019/11/27,"12,018","1,603.64","-"
2019/11/28,"12,019","1,610.91","-"
2019/11/29,"12,011","1,617.23","-"
2019/12/02,"11,998","1,615.45","-"
2019/12/03,"11,934","1,622.86","-"
2019/12/04,"11,952","1,630.10","-"
2019/12/05,"11,941","1,634.27","-"
2019/12/06,"11,929","1,636.77","-"
2019/12/09,"11,943","1,642.54","-"
2019/12/10,"11,952","1,649.18","-"
2019/12/11,"11,944","1,654.03","-"
2019/12/12,"11,939","1,657.38","-"
2019/12/13,"11,925","1,663.72","-"
2019/12/16,"11,953","1,671.80","-"
2019/12/17,"11,974","1,677.93","-"
2019/12/18,"11,982","1,685.91","-"
2019/12/19,"11,984","1,691.51","-"
2019/12/20,"11,978","1,697.18","-"
2019/12/23,"11,985","1,703.27","-"
2019/12/24,"11,985","1,712.00","-"
2019/12/25,"11,989","1,722.95","-"
2019/12/26,"11,999","1,724.42","-"
2019/12/27,"12,005","1,725.32","-"
2019/12/30,"11,996","1,724.00","-"
2020/01/06,"11,977","1,748.53","-"
2020/01/07,"11,986","1,757.56","-"
2020/01/08,"11,962","1,757.41","-"
2020/01/09,"11,991","1,763.69","-"
2020/01/10,"12,012","1,769.91","-"
2020/01/14,"12,017","1,772.43","30"
2020/01/15,"12,010","1,777.33","-"
2020/01/16,"12,022","1,784.58","-"
2020/01/17,"12,040","1,790.90","-"
2020/01/20,"12,057","1,794.85","-"
2020/01/21,"12,048","1,796.17","-"
2020/01/22,"12,061","1,798.23","-"
2020/01/23,"12,052","1,803.94","-"
2020/01/24,"12,069","1,810.29","-"
2020/01/27,"12,057","1,813.63","-"
2020/01/28,"12,063","1,817.53","-"
2020/01/29,"12,070","1,825.45","-"
2020/01/30,"12,069","1,829.41","-"
2020/01/31,"12,075","1,836.75","-"
2020/02/03,"12,043","1,838.18","-"
2020/02/04,"12,068","1,845.01","-"
2020/02/05,"12,085","1,850.48","-"
2020/02/06,"12,112","1,857.17","-"
2020/02/07,"12,132","1,863.61","-"
2020/02/10,"12,136","1,868.17","-"
2020/02/12,"12,159","1,874.64","-"
2020/02/13,"12,160","1,879.61","-"
2020/02/14,"12,154","1,881.84","-"
2020/02/17,"12,163","1,885.44","-"
2020/02/18,"12,152","1,885.92","-"
2020/02/19,"12,162","1,887.58","-"
2020/02/20,"12,181","1,898.76","-"
2020/02/21,"12,213","1,906.38","-"
2020/02/25,"12,141","1,897.67","-"
2020/02/26,"12,088","1,891.45","-"
2020/02/27,"12,059","1,891.89","-"
2020/02/28,"11,992","1,886.62","-"
2020/03/02,"12,015","1,894.02","-"
2020/03/03,"12,018","1,896.44","-"
2020/03/04,"12,063","1,903.19","-"
2020/03/05,"12,079","1,908.18","-"
2020/03/06,"12,096","1,912.65","-"
2020/03/09,"12,193","1,931.23","-"
2020/03/10,"12,263","1,945.21","-"
2020/03/11,"12,149","1,929.01","-"
2020/03/12,"12,131","1,928.16","-"
2020/03/13,"12,052","1,914.92","-"
2020/03/16,"11,951","1,899.11","-"
2020/03/17,"11,958","1,899.99","-"
2020/03/18,"11,842","1,884.63","-"
2020/03/19,"11,680","1,858.25","-"
2020/03/23,"11,824","1,881.83","-"
2020/03/24,"11,904","1,896.75","-"
2020/03/25,"11,934","1,905.75","-"
2020/03/26,"11,929","1,907.44","-"
2020/03/27,"11,993","1,921.62","-"
2020/03/30,"11,998","1,927.19","-"
2020/03/31,"12,008","1,934.90","-"
2020/04/01,"11,951","1,931.51","-"
2020/04/02,"11,925","1,928.93","-"
2020/04/03,"11,934","1,929.32","-"
2020/04/06,"11,955","1,932.75","-"
2020/04/07,"11,980","1,936.36","-"
2020/04/08,"11,962","1,934.16","-"
2020/04/09,"11,957","1,933.40","-"
2020/04/10,"11,998","1,941.35","-"
2020/04/13,"11,984","1,940.12","-"
2020/04/14,"11,983","1,939.95","-"
2020/04/15,"11,993","1,941.55","-"
2020/04/16,"11,994","1,943.60","-"
2020/04/17,"12,020","1,950.84","-"
2020/04/20,"12,040","1,955.58","-"
2020/04/21,"12,004","1,950.83","-"
2020/04/22,"11,965","1,945.81","-"
2020/04/23,"11,985","1,949.77","-"
2020/04/24,"11,986","1,951.32","-"
2020/04/27,"12,016","1,956.87","-"
2020/04/28,"12,023","1,959.23","-"
2020/04/30,"12,087","1,973.21","-"
2020/05/01,"12,068","1,973.51","-"
2020/05/07,"11,996","1,963.56","-"
2020/05/08,"12,046","1,971.73","-"
2020/05/11,"12,085","1,982.70","-"
2020/05/12,"12,064","1,979.32","-"
2020/05/13,"12,047","1,980.45","-"
2020/05/14,"12,021","1,978.16","-"
2020/05/15,"12,017","1,980.06","-"
2020/05/18,"12,035","1,984.39","-"
2020/05/19,"12,061","1,991.64","-"
2020/05/20,"12,087","1,998.52","-"
2020/05/21,"12,117","2,003.43","-"
2020/05/22,"12,127","2,007.70","-"
2020/05/25,"12,154","2,014.72","-"
2020/05/26,"12,187","2,023.94","-"
2020/05/27,"12,193","2,024.89","-"
2020/05/28,"12,236","2,040.68","-"
2020/05/29,"12,229","2,044.14","-"
2020/06/01,"12,228","2,047.64","-"
2020/06/02,"12,224","2,051.23","-"
2020/06/03,"12,241","2,054.11","-"
2020/06/04,"12,235","2,059.55","-"
2020/06/05,"12,223","2,062.16","-"
2020/06/08,"12,221","2,068.31","-"
2020/06/09,"12,240","2,075.43","-"
2020/06/10,"12,248","2,083.86","-"
2020/06/11,"12,221","2,085.97","-"
2020/06/12,"12,237","2,095.00","-"
2020/06/15,"12,204","2,095.58","-"
2020/06/16,"12,225","2,106.91","-"
2020/06/17,"12,252","2,122.13","-"
2020/06/18,"12,251","2,129.07","-"
2020/06/19,"12,259","2,141.17","-"
2020/06/22,"12,261","2,152.07","-"
2020/06/23,"12,259","2,157.37","-"
2020/06/24,"12,251","2,168.01","-"
2020/06/25,"12,252","2,176.85","-"
2020/06/26,"12,279","2,191.51","-"
2020/06/29,"12,262","2,197.64","-"
2020/06/30,"12,273","2,212.96","-"
2020/07/01,"12,259","2,222.80","-"
2020/07/02,"12,250","2,229.96","-"
2020/07/03,"12,279","2,243.75","-"
2020/07/06,"12,281","2,249.15","-"
2020/07/07,"12,292","2,251.16","-"
2020/07/08,"12,291","2,267.68","-"
2020/07/09,"12,291","2,272.89","-"
2020/07/10,"12,297","2,282.34","-"
2020/07/13,"12,217","2,276.06","80"
2020/07/14,"12,207","2,292.56","-"
2020/07/15,"12,227","2,309.11","-"
2020/07/16,"12,220","2,316.48","-"
2020/07/17,"12,227","2,329.16","-"
2020/07/20,"12,232","2,340.56","-"
2020/07/21,"12,242","2,354.29","-"
2020/07/22,"12,252","2,368.92","-"
2020/07/27,"12,235","2,375.82","-"
2020/07/28,"12,237","2,392.07","-"
2020/07/29,"12,243","2,410.72","-"
2020/07/30,"12,242","2,424.62","-"
2020/07/31,"12,239","2,441.69","-"
2020/08/03,"12,259","2,464.89","-"
2020/08/04,"12,266","2,479.75","-"
2020/08/05,"12,292","2,494.92","-"
2020/08/06,"12,275","2,498.49","-"
2020/08/07,"12,297","2,509.66","-"
2020/08/11,"12,318","2,520.51","-"
2020/08/12,"12,293","2,530.41","-"
2020/08/13,"12,285","2,543.69","-"
2020/08/14,"12,259","2,549.54","-"
2020/08/17,"12,239","2,558.53","-"
2020/08/18,"12,247","2,575.06","-"
2020/08/19,"12,235","2,589.94","-"
2020/08/20,"12,241","2,601.91","-"
2020/08/21,"12,241","2,617.24","-"
2020/08/24,"12,264","2,634.83","-"
2020/08/25,"12,289","2,654.40","-"
2020/08/26,"12,251","2,659.57","-"
2020/08/27,"12,226","2,666.50","-"
2020/08/28,"12,206","2,681.32","-"
2020/08/31,"12,198","2,698.19","-"
2020/09/01,"12,188","2,716.86","-"
2020/09/02,"12,215","2,722.98","-"
2020/09/03,"12,275","2,757.94","-"
2020/09/04,"12,267","2,767.65","-"
2020/09/07,"12,216","2,768.79","-"
2020/09/08,"12,224","2,784.94","-"
2020/09/09,"12,235","2,787.33","-"
2020/09/10,"12,236","2,815.77","-"
2020/09/11,"12,243","2,831.94","-"
2020/09/14,"12,267","2,851.04","-"
2020/09/15,"12,281","2,868.44","-"
2020/09/16,"12,287","2,892.31","-"
2020/09/17,"12,286","2,909.17","-"
2020/09/18,"12,265","2,919.71","-"
2020/09/23,"12,257","2,937.65","-"
2020/09/24,"12,229","2,952.14","-"
2020/09/25,"12,229","2,976.78","-"
2020/09/28,"12,261","3,007.87","-"
2020/09/29,"12,272","3,044.01","-"
2020/09/30,"12,258","3,077.95","-"
2020/10/01,"12,244","3,105.45","-"
2020/10/02,"12,248","3,119.29","-"
2020/10/05,"12,260","3,129.58","-"
2020/10/06,"12,253","3,133.43","-"
2020/10/07,"12,272","3,146.92","-"
2020/10/08,"12,273","3,153.26","-"
2020/10/09,"12,289","3,165.37","-"
2020/10/12,"12,285","3,172.16","-"
2020/10/13,"12,305","3,184.43","-"
2020/10/14,"12,323","3,189.03","-"
2020/10/15,"12,312","3,203.95","-"
2020/10/16,"12,310","3,211.53","-"
2020/10/19,"12,323","3,224.29","-"
2020/10/20,"12,292","3,226.20","-"
2020/10/21,"12,285","3,237.15","-"
2020/10/22,"12,233","3,233.80","-"
2020/10/23,"12,225","3,242.37","-"
2020/10/26,"12,219","3,254.54","-"
2020/10/27,"12,223","3,268.13","-"
2020/10/28,"12,226","3,282.35","-"
2020/10/29,"12,219","3,292.18","-"
2020/10/30,"12,205","3,299.79","-"
2020/11/02,"12,205","3,317.58","-"
2020/11/04,"12,217","3,331.12","-"
2020/11/05,"12,273","3,357.26","-"
2020/11/06,"12,282","3,365.69","-"
2020/11/09,"12,272","3,369.17","-"
2020/11/10,"12,258","3,372.45","-"
2020/11/11,"12,264","3,383.69","-"
2020/11/12,"12,264","3,392.42","-"
2020/11/13,"12,265","3,392.56","-"
2020/11/16,"12,298","3,421.45","-"
2020/11/17,"12,313","3,436.03","-"
2020/11/18,"12,305","3,446.12","-"
2020/11/19,"12,298","3,451.27","-"
2020/11/20,"12,306","3,461.64","-"
2020/11/24,"12,351","3,482.82","-"
2020/11/25,"12,350","3,495.93","-"
2020/11/26,"12,351","3,508.13","-"
2020/11/27,"12,371","3,526.33","-"
2020/11/30,"12,340","3,517.45","-"
2020/12/01,"12,339","3,549.63","-"
2020/12/02,"12,319","3,560.20","-"
2020/12/03,"12,321","3,575.63","-"
2020/12/04,"12,332","3,589.00","-"
2020/12/07,"12,320","3,595.00","-"
2020/12/08,"12,350","3,617.93","-"
2020/12/09,"12,376","3,637.82","-"
2020/12/10,"12,360","3,644.62","-"
2020/12/11,"12,379","3,662.17","-"
2020/12/14,"12,402","3,681.43","-"
2020/12/15,"12,378","3,692.30","-"
2020/12/16,"12,380","3,712.26","-"
2020/12/17,"12,379","3,729.00","-"
2020/12/18,"12,376","3,745.64","-"
2020/12/21,"12,370","3,761.86","-"
2020/12/22,"12,342","3,769.95","-"
2020/12/23,"12,366","3,799.13","-"
2020/12/24,"12,339","3,812.18","-"
2020/12/25,"12,347","3,837.53","-"
2020/12/28,"12,365","3,843.14","-"
2020/12/29,"12,412","3,857.69","-"
2020/12/30,"12,407","3,856.44","-"
2021/01/04,"12,391","3,939.96","-"
2021/01/05,"12,401","3,959.09","-"
2021/01/06,"12,381","3,964.31","-"
2021/01/07,"12,378","3,970.60","-"
2021/01/08,"12,409","3,989.37","-"
2021/01/12,"12,341","3,974.33","80"
2021/01/13,"12,302","3,986.12","-"
2021/01/14,"12,353","4,015.11","-"
2021/01/15,"12,334","4,020.64","-"
2021/01/18,"12,335","4,032.63","-"
2021/01/19,"12,342","4,051.23","-"
2021/01/20,"12,356","4,055.79","-"
2021/01/21,"12,378","4,091.02","-"
2021/01/22,"12,354","4,097.83","-"
2021/01/25,"12,357","4,111.42","-"
2021/01/26,"12,382","4,135.22","-"
2021/01/27,"12,376","4,156.34","-"
2021/01/28,"12,364","4,173.04","-"
2021/01/29,"12,322","4,178.20","-"
2021/02/01,"12,304","4,195.84","-"
2021/02/02,"12,336","4,226.58","-"
2021/02/03,"12,359","4,249.81","-"
2021/02/04,"12,355","4,260.68","-"
2021/02/05,"12,375","4,281.95","-"
2021/02/08,"12,397","4,302.47","-"
2021/02/09,"12,397","4,321.06","-"
2021/02/10,"12,405","4,342.31","-"
2021/02/12,"12,434","4,366.14","-"
2021/02/15,"12,428","4,378.94","-"
2021/02/16,"12,437","4,399.23","-"
2021/02/17,"12,397","4,384.94","-"
2021/02/18,"12,368","4,407.86","-"
2021/02/19,"12,331","4,408.86","-"
2021/02/22,"12,313","4,420.33","-"
2021/02/24,"12,259","4,417.95","-"
2021/02/25,"12,268","4,445.27","-"
2021/02/26,"12,184","4,440.59","-"
2021/03/01,"12,194","4,472.69","-"
2021/03/02,"12,239","4,510.20","-"
2021/03/03,"12,229","4,523.52","-"
2021/03/04,"12,204","4,526.88","-"
2021/03/05,"12,193","4,537.68","-"
2021/03/08,"12,195","4,556.59","-"
2021/03/09,"12,197","4,572.72","-"
2021/03/10,"12,211","4,601.46","-"
2021/03/11,"12,227","4,622.98","-"
2021/03/12,"12,250","4,652.27","-"
2021/03/15,"12,236","4,666.55","-"
2021/03/16,"12,273","4,704.83","-"
2021/03/17,"12,277","4,732.08","-"
2021/03/18,"12,266","4,745.38","-"
2021/03/19,"12,247","4,753.80","-"
2021/03/22,"12,235","4,768.00","-"
2021/03/23,"12,242","4,793.68","-"
2021/03/24,"12,235","4,813.29","-"
2021/03/25,"12,247","4,844.05","-"
2021/03/26,"12,278","4,878.91","-"
2021/03/29,"12,296","4,911.43","-"
2021/03/30,"12,286","4,932.73","-"
2021/03/31,"12,273","4,958.29","-"
2021/04/01,"12,265","4,982.27","-"
2021/04/02,"12,305","5,010.22","-"
2021/04/05,"12,310","5,020.59","-"
2021/04/06,"12,285","5,010.36","-"
2021/04/07,"12,313","5,021.64","-"
2021/04/08,"12,307","5,038.18","-"
2021/04/09,"12,320","5,052.49","-"
2021/04/12,"12,307","5,054.20","-"
2021/04/13,"12,297","5,057.73","-"
2021/04/14,"12,301","5,069.52","-"
2021/04/15,"12,292","5,073.11","-"
2021/04/16,"12,345","5,102.46","-"
2021/04/19,"12,326","5,100.92","-"
2021/04/20,"12,276","5,091.11","-"
2021/04/21,"12,255","5,093.74","-"
2021/04/22,"12,287","5,116.25","-"
2021/04/23,"12,289","5,131.34","-"
2021/04/26,"12,289","5,140.71","-"
2021/04/27,"12,280","5,150.57","-"
2021/04/28,"12,279","5,169.91","-"
2021/04/30,"12,254","5,173.53","-"
2021/05/06,"12,284","5,200.85","-"
2021/05/07,"12,298","5,220.82","-"
2021/05/10,"12,308","5,235.05","-"
2021/05/11,"12,267","5,229.07","-"
2021/05/12,"12,201","5,212.61","-"
2021/05/13,"12,132","5,193.43","-"
2021/05/14,"12,157","5,216.25","-"
2021/05/17,"12,172","5,233.15","-"
2021/05/18,"12,179","5,248.86","-"
2021/05/19,"12,174","5,258.29","-"
2021/05/20,"12,169","5,267.02","-"
2021/05/21,"12,188","5,285.75","-"
2021/05/24,"12,203","5,304.06","-"
2021/05/25,"12,224","5,325.39","-"
2021/05/26,"12,242","5,333.46","-"
2021/05/27,"12,257","5,367.71","-"
2021/05/28,"12,275","5,385.07","-"
2021/05/31,"12,268","5,395.42","-"
2021/06/01,"12,264","5,404.88","-"
2021/06/02,"12,292","5,416.94","-"
2021/06/03,"12,320","5,446.19","-"
2021/06/04,"12,315","5,448.20","-"
2021/06/07,"12,332","5,465.56","-"
2021/06/08,"12,338","5,477.50","-"
2021/06/09,"12,359","5,496.74","-"
2021/06/10,"12,383","5,514.40","-"
2021/06/11,"12,386","5,529.90","-"
2021/06/14,"12,410","5,548.43","-"
2021/06/15,"12,409","5,551.80","-"
2021/06/16,"12,393","5,555.75","-"
2021/06/17,"12,375","5,556.02","-"
2021/06/18,"12,366","5,557.73","-"
2021/06/21,"12,342","5,553.66","-"
2021/06/22,"12,381","5,582.26","-"
2021/06/23,"12,375","5,590.08","-"
2021/06/24,"12,375","5,600.43","-"
2021/06/25,"12,396","5,616.75","-"
2021/06/28,"12,379","5,620.07","-"
2021/06/29,"12,390","5,637.51","-"
2021/06/30,"12,384","5,651.50","-"
2021/07/01,"12,398","5,668.34","-"
2021/07/02,"12,425","5,688.97","-"
2021/07/05,"12,436","5,698.42","-"
2021/07/06,"12,432","5,704.55","-"
2021/07/07,"12,445","5,710.59","-"
2021/07/08,"12,462","5,730.02","-"
2021/07/09,"12,443","5,725.71","-"
2021/07/12,"12,382","5,701.51","80"
2021/07/13,"12,404","5,738.25","-"
2021/07/14,"12,394","5,737.98","-"
2021/07/15,"12,380","5,735.41","-"
2021/07/16,"12,392","5,743.63","-"
2021/07/19,"12,374","5,742.64","-"
2021/07/20,"12,369","5,741.27","-"
2021/07/21,"12,401","5,763.87","-"
2021/07/26,"12,423","5,781.47","-"
2021/07/27,"12,425","5,785.64","-"
2021/07/28,"12,418","5,794.75","-"
2021/07/29,"12,415","5,801.98","-"
2021/07/30,"12,400","5,804.14","-"
2021/08/02,"12,425","5,824.69","-"
2021/08/03,"12,434","5,837.90","-"
2021/08/04,"12,438","5,847.47","-"
2021/08/05,"12,460","5,861.09","-"
2021/08/06,"12,465","5,867.03","-"
2021/08/10,"12,441","5,860.88","-"
2021/08/11,"12,452","5,871.60","-"
2021/08/12,"12,445","5,878.59","-"
2021/08/13,"12,451","5,889.49","-"
2021/08/16,"12,433","5,890.54","-"
2021/08/17,"12,429","5,899.24","-"
2021/08/18,"12,437","5,916.01","-"
2021/08/19,"12,414","5,911.59","-"
2021/08/20,"12,407","5,913.30","-"
2021/08/23,"12,425","5,928.70","-"
2021/08/24,"12,426","5,936.62","-"
2021/08/25,"12,425","5,943.89","-"
2021/08/26,"12,405","5,941.44","-"
2021/08/27,"12,405","5,950.04","-"
2021/08/30,"12,436","5,975.54","-"
2021/08/31,"12,458","6,000.83","-"
2021/09/01,"12,458","6,000.87","-"
2021/09/02,"12,466","6,022.96","-"
2021/09/03,"12,492","6,041.26","-"
2021/09/06,"12,493","6,046.44","-"
2021/09/07,"12,509","6,054.65","-"
2021/09/08,"12,498","6,049.29","-"
2021/09/09,"12,487","6,053.85","-"
2021/09/10,"12,496","6,059.84","-"
2021/09/13,"12,479","6,052.41","-"
2021/09/14,"12,505","6,071.67","-"
2021/09/15,"12,482","6,070.78","-"
2021/09/16,"12,468","6,068.88","-"
2021/09/17,"12,472","6,075.46","-"
2021/09/21,"12,398","6,045.93","-"
2021/09/22,"12,379","6,049.47","-"
2021/09/24,"12,393","6,074.76","-"
2021/09/27,"12,368","6,085.18","-"
2021/09/28,"12,354","6,095.89","-"
2021/09/29,"12,310","6,100.08","-"
2021/09/30,"12,316","6,125.62","-"
2021/10/01,"12,272","6,132.54","-"
2021/10/04,"12,285","6,147.33","-"
2021/10/05,"12,263","6,141.00","-"
2021/10/06,"12,247","6,137.92","-"
2021/10/07,"12,247","6,142.58","-"
2021/10/08,"12,259","6,152.55","-"
2021/10/11,"12,262","6,159.43","-"
2021/10/12,"12,256","6,162.52","-"
2021/10/13,"12,261","6,165.30","-"
2021/10/14,"12,291","6,193.07","-"
2021/10/15,"12,343","6,225.05","-"
2021/10/18,"12,336","6,227.76","-"
2021/10/19,"12,340","6,237.22","-"
2021/10/20,"12,341","6,246.22","-"
2021/10/21,"12,317","6,238.99","-"
2021/10/22,"12,304","6,238.40","-"
2021/10/25,"12,298","6,244.32","-"
2021/10/26,"12,329","6,267.87","-"
2021/10/27,"12,339","6,281.20","-"
2021/10/28,"12,334","6,287.03","-"
2021/10/29,"12,339","6,296.84","-"
2021/11/01,"12,364","6,320.51","-"
2021/11/02,"12,355","6,326.52","-"
2021/11/04,"12,405","6,358.19","-"
2021/11/05,"12,428","6,375.53","-"
2021/11/08,"12,456","6,392.53","-"
2021/11/09,"12,420","6,378.12","-"
2021/11/10,"12,427","6,383.01","-"
2021/11/11,"12,410","6,378.96","-"
2021/11/12,"12,435","6,393.67","-"
2021/11/15,"12,437","6,394.48","-"
2021/11/16,"12,434","6,399.90","-"
2021/11/17,"12,425","6,401.12","-"
2021/11/18,"12,412","6,396.87","-"
2021/11/19,"12,432","6,413.99","-"
2021/11/22,"12,446","6,426.52","-"
2021/11/24,"12,380","6,397.67","-"
2021/11/25,"12,396","6,413.77","-"
2021/11/26,"12,370","6,406.98","-"
2021/11/29,"12,309","6,375.52","-"
2021/11/30,"12,296","6,384.40","-"
2021/12/01,"12,306","6,400.71","-"
2021/12/02,"12,299","6,403.23","-"
2021/12/03,"12,315","6,416.01","-"
2021/12/06,"12,343","6,434.12","-"
2021/12/07,"12,322","6,428.96","-"
2021/12/08,"12,315","6,433.60","-"
2021/12/09,"12,292","6,425.72","-"
2021/12/10,"12,291","6,428.44","-"
2021/12/13,"12,292","6,432.36","-"
2021/12/14,"12,306","6,442.17","-"
2021/12/15,"12,296","6,443.28","-"
2021/12/16,"12,312","6,454.66","-"
2021/12/17,"12,296","6,449.26","-"
2021/12/20,"12,243","6,424.09","-"
2021/12/21,"12,243","6,427.82","-"
2021/12/22,"12,247","6,439.90","-"
2021/12/23,"12,276","6,465.21","-"
2021/12/24,"12,269","6,464.97","-"
2021/12/27,"12,260","6,465.57","-"
2021/12/28,"12,313","6,493.41","-"
2021/12/29,"12,318","6,495.76","-"
2021/12/30,"12,289","6,480.62","-"
2022/01/04,"12,320","6,525.91","-"
2022/01/05,"12,309","6,526.00","-"
2022/01/06,"12,234","6,492.31","-"
2022/01/07,"12,211","6,482.22","-"
2022/01/11,"12,091","6,420.46","80"
2022/01/12,"12,128","6,471.07","-"
2022/01/13,"12,125","6,473.04","-"
2022/01/14,"12,093","6,453.98","-"
2022/01/17,"12,077","6,447.24","-"
2022/01/18,"12,059","6,437.85","-"
2022/01/19,"11,963","6,386.90","-"
2022/01/20,"11,954","6,388.55","-"
2022/01/21,"11,959","6,391.12","-"
2022/01/24,"11,979","6,404.65","-"
2022/01/25,"11,963","6,395.44","-"
2022/01/26,"11,939","6,386.30","-"
2022/01/27,"11,907","6,372.54","-"
2022/01/28,"11,923","6,383.77","-"
2022/01/31,"11,938","6,394.55","-"
2022/02/01,"11,923","6,390.88","-"
2022/02/02,"11,928","6,400.19","-"
2022/02/03,"11,934","6,405.29","-"
2022/02/04,"11,889","6,382.79","-"
2022/02/07,"11,856","6,366.40","-"
2022/02/08,"11,842","6,361.27","-"
2022/02/09,"11,836","6,366.40","-"
2022/02/10,"11,866","6,382.03","-"
2022/02/14,"11,780","6,337.57","-"
2022/02/15,"11,740","6,314.75","-"
2022/02/16,"11,747","6,320.67","-"
2022/02/17,"11,748","6,323.28","-"
2022/02/18,"11,757","6,329.01","-"
2022/02/21,"11,758","6,330.39","-"
2022/02/22,"11,737","6,319.33","-"
2022/02/24,"11,699","6,298.91","-"
2022/02/25,"11,689","6,295.32","-"
2022/02/28,"11,714","6,307.57","-"
2022/03/01,"11,728","6,317.89","-"
2022/03/02,"11,780","6,352.36","-"
2022/03/03,"11,743","6,331.79","-"
2022/03/04,"11,732","6,326.76","-"
2022/03/07,"11,755","6,339.20","-"
2022/03/08,"11,704","6,312.48","-"
2022/03/09,"11,648","6,281.49","-"
2022/03/10,"11,607","6,257.90","-"
2022/03/11,"11,578","6,238.53","-"
2022/03/14,"11,580","6,238.95","-"
2022/03/15,"11,515","6,203.19","-"
2022/03/16,"11,510","6,206.18","-"
2022/03/17,"11,494","6,199.11","-"
2022/03/18,"11,504","6,210.41","-"
2022/03/22,"11,460","6,189.01","-"
2022/03/23,"11,453","6,185.53","-"
2022/03/24,"11,465","6,195.64","-"
2022/03/25,"11,466","6,197.71","-"
2022/03/28,"11,442","6,183.40","-"
2022/03/29,"11,475","6,203.75","-"
2022/03/30,"11,490","6,218.51","-"
2022/03/31,"11,479","6,217.03","-"
2022/04/01,"11,479","6,220.30","-"
2022/04/04,"11,488","6,225.89","-"
2022/04/05,"11,497","6,231.53","-"
2022/04/06,"11,454","6,208.50","-"
2022/04/07,"11,414","6,186.81","-"
2022/04/08,"11,399","6,178.47","-"
2022/04/11,"11,395","6,174.59","-"
2022/04/12,"11,351","6,148.54","-"
2022/04/13,"11,366","6,156.44","-"
2022/04/14,"11,392","6,168.86","-"
2022/04/15,"11,373","6,152.57","-"
2022/04/18,"11,367","6,146.51","-"
2022/04/19,"11,367","6,146.37","-"
2022/04/20,"11,383","6,154.99","-"
2022/04/21,"11,396","6,152.49","-"
2022/04/22,"11,368","6,133.29","-"
2022/04/25,"11,330","6,109.61","-"
2022/04/26,"11,330","6,104.86","-"
2022/04/27,"11,336","6,106.03","-"
2022/04/28,"11,341","6,107.75","-"
2022/05/02,"11,298","6,081.84","-"
2022/05/06,"11,243","6,052.76","-"
2022/05/09,"11,193","6,025.84","-"
2022/05/10,"11,170","6,010.28","-"
2022/05/11,"11,188","6,015.09","-"
2022/05/12,"11,207","6,019.60","-"
2022/05/13,"11,241","6,030.08","-"
2022/05/16,"11,211","6,009.40","-"
2022/05/17,"11,218","6,008.34","-"
2022/05/18,"11,175","5,985.37","-"
2022/05/19,"11,201","5,995.66","-"
2022/05/20,"11,216","6,001.52","-"
